delete from [Restaurant];
delete from [Order];
delete from [User];

insert into User (Id, Email, FirstName, LastName, AddressCity, AddressCityZip, AddressStreet, IsRestaurantOwner, PasswordHash, PasswordSalt) values ('46d951fd-262f-4ea9-a971-b49a05073862', 'customer1@hotmeals.com', 'Ailis', 'Van Oort', 'Boca Chica', '11102', '872 Mayfield Parkway', 0, 'mI+DdcGMXHoUgt6K+iBWsFWf6sWD7StjILj8pn4MgtganiT0LRVe2PPJL4udnPM60doMM3UtTUNy7Qrzf8mGSNbjgTFIBJGYK1wzF/XUa1OAYrusb+CneGiUUSh2nALAxKe9zn0wUolYisFyE3pZoTTNIj4V0q2Lrj3XP/WbaaLrZI6QH7EGxGloqEkgLdy/SfJ9FLBQ4ItDF9Vjjz81l/lodT+HMWTHM6oiAIKwP6bJoNiIQYgKfDR0/jfh4STQGOobCGv3DWZiMRQcK13YohariW1fNyzT4ynTgf6EwHzXi6iZ3aRoorHaBO40nEhd0U9xi+YjvmD/cu+CPOCL+w==', '0xGAi1fqUD/I3zr2G9bRXg==');
insert into User (Id, Email, FirstName, LastName, AddressCity, AddressCityZip, AddressStreet, IsRestaurantOwner, PasswordHash, PasswordSalt) values ('3917921e-c95f-4ced-b7e3-a4d57ac8dc6b', 'customer2@hotmeals.com', 'Stormie', 'Whye', 'Aganan', '5001', '04 Mosinee Crossing', 0, 'mI+DdcGMXHoUgt6K+iBWsFWf6sWD7StjILj8pn4MgtganiT0LRVe2PPJL4udnPM60doMM3UtTUNy7Qrzf8mGSNbjgTFIBJGYK1wzF/XUa1OAYrusb+CneGiUUSh2nALAxKe9zn0wUolYisFyE3pZoTTNIj4V0q2Lrj3XP/WbaaLrZI6QH7EGxGloqEkgLdy/SfJ9FLBQ4ItDF9Vjjz81l/lodT+HMWTHM6oiAIKwP6bJoNiIQYgKfDR0/jfh4STQGOobCGv3DWZiMRQcK13YohariW1fNyzT4ynTgf6EwHzXi6iZ3aRoorHaBO40nEhd0U9xi+YjvmD/cu+CPOCL+w==', '0xGAi1fqUD/I3zr2G9bRXg==');
insert into User (Id, Email, FirstName, LastName, AddressCity, AddressCityZip, AddressStreet, IsRestaurantOwner, PasswordHash, PasswordSalt) values ('718ca1cd-765c-403a-a2df-4e49ce87728b', 'customer3@hotmeals.com', 'Kelcie', 'Addinall', 'Buffalo', '14205', '9 Ryan Alley', 0, 'mI+DdcGMXHoUgt6K+iBWsFWf6sWD7StjILj8pn4MgtganiT0LRVe2PPJL4udnPM60doMM3UtTUNy7Qrzf8mGSNbjgTFIBJGYK1wzF/XUa1OAYrusb+CneGiUUSh2nALAxKe9zn0wUolYisFyE3pZoTTNIj4V0q2Lrj3XP/WbaaLrZI6QH7EGxGloqEkgLdy/SfJ9FLBQ4ItDF9Vjjz81l/lodT+HMWTHM6oiAIKwP6bJoNiIQYgKfDR0/jfh4STQGOobCGv3DWZiMRQcK13YohariW1fNyzT4ynTgf6EwHzXi6iZ3aRoorHaBO40nEhd0U9xi+YjvmD/cu+CPOCL+w==', '0xGAi1fqUD/I3zr2G9bRXg==');
insert into User (Id, Email, FirstName, LastName, AddressCity, AddressCityZip, AddressStreet, IsRestaurantOwner, PasswordHash, PasswordSalt) values ('e1446401-62f4-4b56-87fc-d1a1cba4ffb6', 'customer4@hotmeals.com', 'Mellisent', 'Normadell', 'Kunri', '94101', '0482 Jenna Court', 0, 'mI+DdcGMXHoUgt6K+iBWsFWf6sWD7StjILj8pn4MgtganiT0LRVe2PPJL4udnPM60doMM3UtTUNy7Qrzf8mGSNbjgTFIBJGYK1wzF/XUa1OAYrusb+CneGiUUSh2nALAxKe9zn0wUolYisFyE3pZoTTNIj4V0q2Lrj3XP/WbaaLrZI6QH7EGxGloqEkgLdy/SfJ9FLBQ4ItDF9Vjjz81l/lodT+HMWTHM6oiAIKwP6bJoNiIQYgKfDR0/jfh4STQGOobCGv3DWZiMRQcK13YohariW1fNyzT4ynTgf6EwHzXi6iZ3aRoorHaBO40nEhd0U9xi+YjvmD/cu+CPOCL+w==', '0xGAi1fqUD/I3zr2G9bRXg==');
insert into User (Id, Email, FirstName, LastName, AddressCity, AddressCityZip, AddressStreet, IsRestaurantOwner, PasswordHash, PasswordSalt) values ('a15ecbb6-a08a-4d93-90b5-eef2d02a503f', 'customer5@hotmeals.com', 'Alexine', 'Fanner', 'Barreiros', '4615-492', '4386 Meadow Valley Terrace', 0, 'mI+DdcGMXHoUgt6K+iBWsFWf6sWD7StjILj8pn4MgtganiT0LRVe2PPJL4udnPM60doMM3UtTUNy7Qrzf8mGSNbjgTFIBJGYK1wzF/XUa1OAYrusb+CneGiUUSh2nALAxKe9zn0wUolYisFyE3pZoTTNIj4V0q2Lrj3XP/WbaaLrZI6QH7EGxGloqEkgLdy/SfJ9FLBQ4ItDF9Vjjz81l/lodT+HMWTHM6oiAIKwP6bJoNiIQYgKfDR0/jfh4STQGOobCGv3DWZiMRQcK13YohariW1fNyzT4ynTgf6EwHzXi6iZ3aRoorHaBO40nEhd0U9xi+YjvmD/cu+CPOCL+w==', '0xGAi1fqUD/I3zr2G9bRXg==');
insert into User (Id, Email, FirstName, LastName, AddressCity, AddressCityZip, AddressStreet, IsRestaurantOwner, PasswordHash, PasswordSalt) values ('69860106-9999-48e9-b361-03d78d05f1ef', 'owner1@hotmeals.com', 'Jenifer', 'Bernaldez', 'Yuankeng', '94101', '911 Duke Place', 1, 'mI+DdcGMXHoUgt6K+iBWsFWf6sWD7StjILj8pn4MgtganiT0LRVe2PPJL4udnPM60doMM3UtTUNy7Qrzf8mGSNbjgTFIBJGYK1wzF/XUa1OAYrusb+CneGiUUSh2nALAxKe9zn0wUolYisFyE3pZoTTNIj4V0q2Lrj3XP/WbaaLrZI6QH7EGxGloqEkgLdy/SfJ9FLBQ4ItDF9Vjjz81l/lodT+HMWTHM6oiAIKwP6bJoNiIQYgKfDR0/jfh4STQGOobCGv3DWZiMRQcK13YohariW1fNyzT4ynTgf6EwHzXi6iZ3aRoorHaBO40nEhd0U9xi+YjvmD/cu+CPOCL+w==', '0xGAi1fqUD/I3zr2G9bRXg==');
insert into User (Id, Email, FirstName, LastName, AddressCity, AddressCityZip, AddressStreet, IsRestaurantOwner, PasswordHash, PasswordSalt) values ('dd98d5af-25e4-4bff-878a-c957cead04b5', 'owner2@hotmeals.com', 'Felicdad', 'Delacoste', 'Nanyang', '94101', '4808 Sommers Way', 1, 'mI+DdcGMXHoUgt6K+iBWsFWf6sWD7StjILj8pn4MgtganiT0LRVe2PPJL4udnPM60doMM3UtTUNy7Qrzf8mGSNbjgTFIBJGYK1wzF/XUa1OAYrusb+CneGiUUSh2nALAxKe9zn0wUolYisFyE3pZoTTNIj4V0q2Lrj3XP/WbaaLrZI6QH7EGxGloqEkgLdy/SfJ9FLBQ4ItDF9Vjjz81l/lodT+HMWTHM6oiAIKwP6bJoNiIQYgKfDR0/jfh4STQGOobCGv3DWZiMRQcK13YohariW1fNyzT4ynTgf6EwHzXi6iZ3aRoorHaBO40nEhd0U9xi+YjvmD/cu+CPOCL+w==', '0xGAi1fqUD/I3zr2G9bRXg==');
insert into User (Id, Email, FirstName, LastName, AddressCity, AddressCityZip, AddressStreet, IsRestaurantOwner, PasswordHash, PasswordSalt) values ('f2b0d23d-bc97-4258-a355-ad3d79414446', 'owner3@hotmeals.com', 'Sharl', 'Ogger', 'Limoges', '87066 CEDEX 2', '89 1st Trail', 1, 'mI+DdcGMXHoUgt6K+iBWsFWf6sWD7StjILj8pn4MgtganiT0LRVe2PPJL4udnPM60doMM3UtTUNy7Qrzf8mGSNbjgTFIBJGYK1wzF/XUa1OAYrusb+CneGiUUSh2nALAxKe9zn0wUolYisFyE3pZoTTNIj4V0q2Lrj3XP/WbaaLrZI6QH7EGxGloqEkgLdy/SfJ9FLBQ4ItDF9Vjjz81l/lodT+HMWTHM6oiAIKwP6bJoNiIQYgKfDR0/jfh4STQGOobCGv3DWZiMRQcK13YohariW1fNyzT4ynTgf6EwHzXi6iZ3aRoorHaBO40nEhd0U9xi+YjvmD/cu+CPOCL+w==', '0xGAi1fqUD/I3zr2G9bRXg==');

insert into Restaurant (Id, OwnerId, Name, Description, PhoneNumber, DateCreated) values ('0baf2163-d3b6-4798-aeca-47f58143a25b', '69860106-9999-48e9-b361-03d78d05f1ef', 'Lions Gate Entertainment Corporation', '12-700 - Systems Furniture', '613-641-2375', '2021-03-20T21:04:43Z');
insert into Restaurant (Id, OwnerId, Name, Description, PhoneNumber, DateCreated) values ('15af9286-6dbd-4f19-95f2-6b37a75680da', '69860106-9999-48e9-b361-03d78d05f1ef', 'Southern Missouri Bancorp, Inc.', '13-120 - Pre-Engineered Structures', '813-417-7409', '2020-09-30T20:15:32Z');
insert into Restaurant (Id, OwnerId, Name, Description, PhoneNumber, DateCreated) values ('48692d0c-938a-47fe-af43-fc405b5cedc3', '69860106-9999-48e9-b361-03d78d05f1ef', 'Ionis Pharmaceuticals, Inc.', '1-550 - Vehicular Access and Parking', '826-429-7448', '2021-04-15T14:40:59Z');
insert into Restaurant (Id, OwnerId, Name, Description, PhoneNumber, DateCreated) values ('2cdb99ae-4e3c-42d8-ad9e-101676305d93', 'dd98d5af-25e4-4bff-878a-c957cead04b5', 'Sinclair Broadcast Group, Inc.', '15-500 - Heat-Generation Equipment', '550-938-6825', '2021-01-12T14:35:20Z');
insert into Restaurant (Id, OwnerId, Name, Description, PhoneNumber, DateCreated) values ('8a8212c2-8841-4c1f-abae-a5ee67deb84b', 'dd98d5af-25e4-4bff-878a-c957cead04b5', 'Qwest Corporation', '15-500 - Heat-Generation Equipment', '226-433-0229', '2021-01-09T00:50:16Z');


insert into MenuItem (Id, RestaurantId, Name, Description, Price, DateCreated) values ('4f8d5051-0d12-4e69-8d74-1d65d91d9058', '0baf2163-d3b6-4798-aeca-47f58143a25b', 'Hairy Indian Mallow', 'Grass-roots grid-enabled utilisation', 23.86, '2021-06-09T05:02:39Z');
insert into MenuItem (Id, RestaurantId, Name, Description, Price, DateCreated) values ('43a7a9b1-b664-4502-ac17-8d4d8f6eab45', '0baf2163-d3b6-4798-aeca-47f58143a25b', 'Ponce Beadfern', 'Synchronised responsive synergy', 11.73, '2021-05-18T14:56:24Z');
insert into MenuItem (Id, RestaurantId, Name, Description, Price, DateCreated) values ('21c26b54-c489-4606-9f4d-53801c686a65', '0baf2163-d3b6-4798-aeca-47f58143a25b', 'Kings River Monkeyflower', 'Persevering coherent conglomeration', 12.29, '2021-01-03T11:58:03Z');
insert into MenuItem (Id, RestaurantId, Name, Description, Price, DateCreated) values ('4b579d82-42bc-4e10-84ec-b1a5185b4825', '0baf2163-d3b6-4798-aeca-47f58143a25b', 'Toothed Spurge', 'Programmable heuristic matrices', 9.2, '2021-02-11T04:02:29Z');
insert into MenuItem (Id, RestaurantId, Name, Description, Price, DateCreated) values ('ee32f2c9-81c5-493a-a073-b54d98c9754d', '0baf2163-d3b6-4798-aeca-47f58143a25b', 'Italian Bugloss', 'Total multimedia open architecture', 17.72, '2021-02-27T12:26:28Z');
insert into MenuItem (Id, RestaurantId, Name, Description, Price, DateCreated) values ('4faec3a1-f770-4f74-8ada-fb11f6017ed8', '0baf2163-d3b6-4798-aeca-47f58143a25b', 'Wormseed', 'Phased incremental matrix', 12.82, '2020-12-19T15:25:31Z');
insert into MenuItem (Id, RestaurantId, Name, Description, Price, DateCreated) values ('78f5813c-5430-4b67-8200-c230d83327fa', '0baf2163-d3b6-4798-aeca-47f58143a25b', 'Sierra Bluecup', 'Visionary high-level hub', 21.55, '2020-12-12T11:39:05Z');
insert into MenuItem (Id, RestaurantId, Name, Description, Price, DateCreated) values ('51458aa7-de72-4acc-955c-be05f4987f7e', '0baf2163-d3b6-4798-aeca-47f58143a25b', 'Asian Indian Mallow', 'Robust upward-trending adapter', 25.89, '2020-12-26T23:05:28Z');
insert into MenuItem (Id, RestaurantId, Name, Description, Price, DateCreated) values ('81c5f194-4a47-4b04-807a-ae66b36f1ee2', '0baf2163-d3b6-4798-aeca-47f58143a25b', 'Bearberry Willow', 'Assimilated impactful hardware', 13.78, '2020-09-27T18:42:07Z');
insert into MenuItem (Id, RestaurantId, Name, Description, Price, DateCreated) values ('b2f3b122-8e67-41ed-b3b5-73fa58a96cd2', '0baf2163-d3b6-4798-aeca-47f58143a25b', 'Child''s Blue Eyed Mary', 'Advanced systemic projection', 19.08, '2021-04-24T10:31:52Z');
insert into MenuItem (Id, RestaurantId, Name, Description, Price, DateCreated) values ('35cb788c-c5ce-407e-a98d-eeff495fac73', '0baf2163-d3b6-4798-aeca-47f58143a25b', 'Fragile Rockbrake', 'Seamless object-oriented capability', 27.64, '2021-03-08T14:13:28Z');
insert into MenuItem (Id, RestaurantId, Name, Description, Price, DateCreated) values ('64153093-3503-46c9-9eb6-c1e83451149e', '0baf2163-d3b6-4798-aeca-47f58143a25b', 'Nevada Bulrush', 'Virtual fault-tolerant data-warehouse', 4.94, '2021-04-10T19:02:24Z');
insert into MenuItem (Id, RestaurantId, Name, Description, Price, DateCreated) values ('380c8b3f-2d7e-4392-b0fa-49518dba4cb9', '0baf2163-d3b6-4798-aeca-47f58143a25b', 'Black Apple', 'Streamlined disintermediate access', 13.17, '2021-05-26T19:22:40Z');
insert into MenuItem (Id, RestaurantId, Name, Description, Price, DateCreated) values ('83b2ff25-6907-487c-94ed-93fbb7d67302', '0baf2163-d3b6-4798-aeca-47f58143a25b', 'Largeflower Speargrass', 'Assimilated maximized pricing structure', 3.97, '2020-09-24T05:00:48Z');
insert into MenuItem (Id, RestaurantId, Name, Description, Price, DateCreated) values ('02275a08-b73a-4c85-9603-06bf6ba91bd5', '0baf2163-d3b6-4798-aeca-47f58143a25b', 'Hyssopleaf Fleabane', 'Expanded mobile productivity', 25.91, '2020-12-20T16:29:06Z');
insert into MenuItem (Id, RestaurantId, Name, Description, Price, DateCreated) values ('cb4e65ce-da95-4b2c-af18-e75243bbae1b', '0baf2163-d3b6-4798-aeca-47f58143a25b', 'Scouler''s Valerian', 'Future-proofed tertiary budgetary management', 18.43, '2020-08-22T09:42:28Z');
insert into MenuItem (Id, RestaurantId, Name, Description, Price, DateCreated) values ('996d8b37-b791-422c-99de-bdcd22247d7b', '0baf2163-d3b6-4798-aeca-47f58143a25b', 'Pepperleaf Sweetwood', 'Realigned analyzing website', 23.23, '2021-06-04T09:59:21Z');
insert into MenuItem (Id, RestaurantId, Name, Description, Price, DateCreated) values ('0c75c447-1750-41e3-aed0-ced4eae463e9', '0baf2163-d3b6-4798-aeca-47f58143a25b', 'Intermountain Bedstraw', 'Visionary upward-trending circuit', 29.94, '2021-05-22T03:08:01Z');
insert into MenuItem (Id, RestaurantId, Name, Description, Price, DateCreated) values ('8e1c4769-06ec-4713-99e3-ad03e4f76144', '0baf2163-d3b6-4798-aeca-47f58143a25b', 'Palapalai', 'Customer-focused modular project', 20.05, '2020-09-07T06:46:34Z');
insert into MenuItem (Id, RestaurantId, Name, Description, Price, DateCreated) values ('ca03a73f-886c-49f8-8375-027d1fd5fd31', '0baf2163-d3b6-4798-aeca-47f58143a25b', 'Nodding Bluet', 'Face to face analyzing open architecture', 24.33, '2021-07-15T07:48:54Z');
insert into MenuItem (Id, RestaurantId, Name, Description, Price, DateCreated) values ('6a1c44cd-f956-4956-b2ca-3a8203de05a9', '0baf2163-d3b6-4798-aeca-47f58143a25b', 'Tinker''s Penny', 'Polarised fault-tolerant middleware', 15.36, '2020-10-04T06:14:46Z');
insert into MenuItem (Id, RestaurantId, Name, Description, Price, DateCreated) values ('1474eb8e-f81e-4bd3-b4e1-a4e6322a2c6b', '0baf2163-d3b6-4798-aeca-47f58143a25b', 'Hickman''s Cinquefoil', 'Versatile 24/7 success', 4.68, '2021-07-02T22:08:37Z');
insert into MenuItem (Id, RestaurantId, Name, Description, Price, DateCreated) values ('cf370bb4-7db3-4976-a5bb-542c07f9bc2a', '0baf2163-d3b6-4798-aeca-47f58143a25b', 'Fanshape Orchid', 'Optional methodical attitude', 2.95, '2021-07-08T17:00:53Z');
insert into MenuItem (Id, RestaurantId, Name, Description, Price, DateCreated) values ('c243085e-cf98-4c35-b69e-b3f43e14dd95', '0baf2163-d3b6-4798-aeca-47f58143a25b', 'European Waterclover', 'Synergistic fault-tolerant synergy', 23.79, '2020-11-19T09:48:53Z');
insert into MenuItem (Id, RestaurantId, Name, Description, Price, DateCreated) values ('dc90e3f9-c865-439b-a807-e862d6819cae', '0baf2163-d3b6-4798-aeca-47f58143a25b', 'Western Brackenfern', 'Operative exuding capacity', 17.14, '2021-06-20T01:12:47Z');
insert into MenuItem (Id, RestaurantId, Name, Description, Price, DateCreated) values ('86d02259-40ea-4942-b96a-b33163c12065', '0baf2163-d3b6-4798-aeca-47f58143a25b', 'Longleaf Buckwheat', 'Polarised client-server task-force', 18.99, '2021-02-20T14:38:42Z');
insert into MenuItem (Id, RestaurantId, Name, Description, Price, DateCreated) values ('ef5b56e7-64c2-43b0-b584-ba047d257185', '0baf2163-d3b6-4798-aeca-47f58143a25b', 'Waihanau Lobelia', 'Networked multi-tasking protocol', 29.22, '2021-01-16T03:19:07Z');
insert into MenuItem (Id, RestaurantId, Name, Description, Price, DateCreated) values ('fe670829-c15f-45b9-acfe-6b868460bf57', '0baf2163-d3b6-4798-aeca-47f58143a25b', 'Slender Woollyheads', 'Secured modular approach', 3.17, '2021-03-28T14:10:50Z');
insert into MenuItem (Id, RestaurantId, Name, Description, Price, DateCreated) values ('222663e2-9562-4a2d-9afe-2adc22ca4027', '0baf2163-d3b6-4798-aeca-47f58143a25b', 'West Indian Gherkin', 'Optimized contextually-based leverage', 9.9, '2020-11-15T17:09:28Z');
insert into MenuItem (Id, RestaurantId, Name, Description, Price, DateCreated) values ('9947e09c-e30f-4bdf-b5e4-58f488d2f5e2', '0baf2163-d3b6-4798-aeca-47f58143a25b', 'Hawkweed', 'Upgradable upward-trending throughput', 2.81, '2021-07-28T06:33:06Z');
insert into MenuItem (Id, RestaurantId, Name, Description, Price, DateCreated) values ('abd355fa-31e4-45c4-8b97-f201492eae83', '0baf2163-d3b6-4798-aeca-47f58143a25b', 'Fitzgerald''s Sphagnum', 'Extended web-enabled installation', 2.08, '2021-05-25T23:24:56Z');

insert into MenuItem (Id, RestaurantId, Name, Description, Price, DateCreated) values ('731fc2dc-96f5-44ca-89b7-2d689cad3e60', '15af9286-6dbd-4f19-95f2-6b37a75680da', 'Sixweeks Lovegrass', 'Monitored discrete matrix', 22.56, '2020-10-28T12:27:30Z');
insert into MenuItem (Id, RestaurantId, Name, Description, Price, DateCreated) values ('b7529e99-2a80-41c2-a757-469215d86bc5', '15af9286-6dbd-4f19-95f2-6b37a75680da', 'Hairy Jointvetch', 'Intuitive 5th generation challenge', 8.65, '2021-01-10T14:10:01Z');
insert into MenuItem (Id, RestaurantId, Name, Description, Price, DateCreated) values ('c8374dc1-7914-43d5-80ce-a7be5eaecad4', '15af9286-6dbd-4f19-95f2-6b37a75680da', 'Aster', 'Sharable bandwidth-monitored architecture', 19.24, '2021-04-19T20:50:05Z');
insert into MenuItem (Id, RestaurantId, Name, Description, Price, DateCreated) values ('33c9b187-e019-4969-82a4-d8990fddc1fe', '15af9286-6dbd-4f19-95f2-6b37a75680da', 'Sal Tree', 'Pre-emptive object-oriented conglomeration', 14.59, '2021-01-11T11:51:29Z');
insert into MenuItem (Id, RestaurantId, Name, Description, Price, DateCreated) values ('611ddd62-0936-485d-a9b6-0877a2e5e158', '15af9286-6dbd-4f19-95f2-6b37a75680da', 'Islandthicket Threeawn', 'Ergonomic well-modulated budgetary management', 14.8, '2021-07-31T17:23:17Z');
insert into MenuItem (Id, RestaurantId, Name, Description, Price, DateCreated) values ('10a42b2a-c077-4224-801d-b4017db8a25c', '15af9286-6dbd-4f19-95f2-6b37a75680da', 'Whiskbroom Parsley', 'Persistent analyzing moderator', 25.92, '2021-04-12T03:52:50Z');
insert into MenuItem (Id, RestaurantId, Name, Description, Price, DateCreated) values ('cfa69c03-b259-4078-babe-b8304fdc85fd', '15af9286-6dbd-4f19-95f2-6b37a75680da', 'Woolly Distaff Thistle', 'User-centric scalable focus group', 16.43, '2020-10-20T16:05:21Z');
insert into MenuItem (Id, RestaurantId, Name, Description, Price, DateCreated) values ('7e24b51f-b451-4b41-8246-08eb306498ab', '15af9286-6dbd-4f19-95f2-6b37a75680da', 'False Fiddleleaf', 'Advanced user-facing algorithm', 17.37, '2021-03-19T03:44:04Z');
insert into MenuItem (Id, RestaurantId, Name, Description, Price, DateCreated) values ('df2481db-6fe9-4c70-a9cf-c77cdf780f4d', '15af9286-6dbd-4f19-95f2-6b37a75680da', 'Posey County Blackberry', 'Multi-layered interactive capability', 19.4, '2021-01-07T10:02:02Z');
insert into MenuItem (Id, RestaurantId, Name, Description, Price, DateCreated) values ('7f45d529-d997-47b3-9544-ac4abf752d04', '15af9286-6dbd-4f19-95f2-6b37a75680da', 'West Indian Pinkroot', 'Compatible context-sensitive superstructure', 17.07, '2021-06-22T21:57:41Z');
insert into MenuItem (Id, RestaurantId, Name, Description, Price, DateCreated) values ('21be5a52-4e0b-40d3-9c94-42c17b2e362c', '15af9286-6dbd-4f19-95f2-6b37a75680da', 'Oahu Pohe Hiwa', 'Polarised composite moderator', 16.43, '2020-11-01T04:49:27Z');
insert into MenuItem (Id, RestaurantId, Name, Description, Price, DateCreated) values ('cc65140b-9e69-412a-954d-330aab5ef865', '15af9286-6dbd-4f19-95f2-6b37a75680da', 'Zigzag Groundsmoke', 'Right-sized transitional solution', 17.38, '2021-01-15T16:29:36Z');
insert into MenuItem (Id, RestaurantId, Name, Description, Price, DateCreated) values ('419de028-b774-4cf6-8973-af325bb61af1', '15af9286-6dbd-4f19-95f2-6b37a75680da', 'Ropalospora Lichen', 'Assimilated national archive', 21.19, '2020-12-20T19:09:45Z');
insert into MenuItem (Id, RestaurantId, Name, Description, Price, DateCreated) values ('bf6f0127-f051-4525-9fe2-3e740176bb82', '15af9286-6dbd-4f19-95f2-6b37a75680da', 'Cup Lichen', 'Proactive contextually-based project', 19.4, '2020-11-10T20:18:37Z');
insert into MenuItem (Id, RestaurantId, Name, Description, Price, DateCreated) values ('2545d7dc-0182-4eb4-9671-daa3f36cd988', '15af9286-6dbd-4f19-95f2-6b37a75680da', 'Chilean Cedar', 'Open-source mission-critical project', 5.93, '2021-06-16T18:29:44Z');
insert into MenuItem (Id, RestaurantId, Name, Description, Price, DateCreated) values ('7f209ff4-ba16-40c0-a9d5-162e363fa0e3', '15af9286-6dbd-4f19-95f2-6b37a75680da', 'Waxy Springparsley', 'Implemented actuating approach', 11.27, '2021-07-22T11:35:38Z');
insert into MenuItem (Id, RestaurantId, Name, Description, Price, DateCreated) values ('0d9bd17a-2c15-43e3-8fa0-2f218cef8d14', '15af9286-6dbd-4f19-95f2-6b37a75680da', 'Burnet''s Skin Lichen', 'Networked interactive standardization', 28.6, '2021-01-25T23:03:13Z');
insert into MenuItem (Id, RestaurantId, Name, Description, Price, DateCreated) values ('a519ce04-b18e-48b9-8bc2-74b309667f4b', '15af9286-6dbd-4f19-95f2-6b37a75680da', 'South African Ragwort', 'Stand-alone leading edge open system', 13.06, '2020-12-26T17:13:43Z');
insert into MenuItem (Id, RestaurantId, Name, Description, Price, DateCreated) values ('62343941-b2f5-43f6-97f6-b8fa1f9f4490', '15af9286-6dbd-4f19-95f2-6b37a75680da', 'Malephora', 'Up-sized even-keeled complexity', 6.46, '2021-05-13T17:24:11Z');
insert into MenuItem (Id, RestaurantId, Name, Description, Price, DateCreated) values ('8b028738-dec0-460a-8307-55aa989eefcf', '15af9286-6dbd-4f19-95f2-6b37a75680da', 'Graphina Lichen', 'Digitized background access', 29.44, '2021-01-15T13:58:07Z');
insert into MenuItem (Id, RestaurantId, Name, Description, Price, DateCreated) values ('06ffd091-d3f7-4130-b47d-1d82b451ee80', '15af9286-6dbd-4f19-95f2-6b37a75680da', 'Shoshonea', 'Enterprise-wide explicit definition', 11.86, '2020-12-23T16:11:08Z');
insert into MenuItem (Id, RestaurantId, Name, Description, Price, DateCreated) values ('324c9e4b-c4e2-43b1-b144-239455d559e6', '15af9286-6dbd-4f19-95f2-6b37a75680da', 'Arizona Threeawn', 'Open-source needs-based benchmark', 7.34, '2020-12-27T07:48:29Z');
insert into MenuItem (Id, RestaurantId, Name, Description, Price, DateCreated) values ('ec9f595f-7f55-4ad4-a14d-9d50c16c9eeb', '15af9286-6dbd-4f19-95f2-6b37a75680da', 'Tobacco', 'Customer-focused uniform moderator', 15.42, '2021-04-04T04:33:33Z');
insert into MenuItem (Id, RestaurantId, Name, Description, Price, DateCreated) values ('9a6c2526-0c37-47c7-866f-beafcb2140b8', '15af9286-6dbd-4f19-95f2-6b37a75680da', 'Beet', 'Expanded non-volatile approach', 20.63, '2020-09-04T13:15:09Z');
insert into MenuItem (Id, RestaurantId, Name, Description, Price, DateCreated) values ('9b82aade-4226-46eb-b7ad-38cbaf9285e4', '15af9286-6dbd-4f19-95f2-6b37a75680da', 'Radford''s Balm', 'Front-line bi-directional open architecture', 19.25, '2021-06-04T21:59:26Z');
insert into MenuItem (Id, RestaurantId, Name, Description, Price, DateCreated) values ('e06de6e2-1379-4239-aa01-755273e7e9d0', '15af9286-6dbd-4f19-95f2-6b37a75680da', 'Clifton''s Eremogone', 'Realigned object-oriented synergy', 25.95, '2021-05-03T01:01:12Z');
insert into MenuItem (Id, RestaurantId, Name, Description, Price, DateCreated) values ('543255f0-492e-44c8-b702-a19e730120c9', '15af9286-6dbd-4f19-95f2-6b37a75680da', 'Dot Lichen', 'Self-enabling exuding functionalities', 27.01, '2020-11-02T15:31:51Z');

insert into MenuItem (Id, RestaurantId, Name, Description, Price, DateCreated) values ('5397d42a-4104-4457-8067-f2131f704a6d', '48692d0c-938a-47fe-af43-fc405b5cedc3', 'Annona', 'Enterprise-wide impactful framework', 13.77, '2021-03-17T23:47:56Z');
insert into MenuItem (Id, RestaurantId, Name, Description, Price, DateCreated) values ('a71b37af-930a-40cd-bbb3-5e1db8a2036c', '48692d0c-938a-47fe-af43-fc405b5cedc3', 'Rim Lichen', 'Business-focused interactive contingency', 6.7, '2021-03-25T13:37:15Z');
insert into MenuItem (Id, RestaurantId, Name, Description, Price, DateCreated) values ('dc9bab58-bf84-4987-9981-2e1b0a5b202a', '48692d0c-938a-47fe-af43-fc405b5cedc3', 'Polar Willow', 'Function-based 4th generation strategy', 11.73, '2021-03-05T10:15:55Z');
insert into MenuItem (Id, RestaurantId, Name, Description, Price, DateCreated) values ('4965fc2b-357d-4c66-b183-0c91d283431e', '48692d0c-938a-47fe-af43-fc405b5cedc3', 'Pygmy Bluehearts', 'Pre-emptive system-worthy core', 23.1, '2020-11-04T03:26:20Z');
insert into MenuItem (Id, RestaurantId, Name, Description, Price, DateCreated) values ('9336bc46-cf78-4807-9490-4daead1eaef2', '48692d0c-938a-47fe-af43-fc405b5cedc3', 'Adams'' Manzanita', 'Versatile optimizing time-frame', 8.4, '2021-05-20T08:23:57Z');
insert into MenuItem (Id, RestaurantId, Name, Description, Price, DateCreated) values ('438dd583-119f-49da-99ee-8bf22edf7e5e', '48692d0c-938a-47fe-af43-fc405b5cedc3', 'California Barrel Cactus', 'Diverse 24/7 circuit', 7.92, '2020-10-01T01:52:05Z');
insert into MenuItem (Id, RestaurantId, Name, Description, Price, DateCreated) values ('6d294ddf-d781-4fcd-bb19-50501cb6f089', '48692d0c-938a-47fe-af43-fc405b5cedc3', 'Saxen''s Sedge', 'Exclusive logistical strategy', 8.55, '2020-10-13T05:32:39Z');
insert into MenuItem (Id, RestaurantId, Name, Description, Price, DateCreated) values ('444d786c-1e31-4bfe-a5a4-e8bcff761f09', '48692d0c-938a-47fe-af43-fc405b5cedc3', 'Candle Snuffer Moss', 'Customizable coherent data-warehouse', 10.11, '2021-06-22T06:36:30Z');
insert into MenuItem (Id, RestaurantId, Name, Description, Price, DateCreated) values ('ae03b6d2-ec8a-4f64-9a2d-4481b51159cf', '48692d0c-938a-47fe-af43-fc405b5cedc3', 'Hybrid Pine', 'Proactive neutral policy', 21.29, '2021-07-23T17:25:50Z');
insert into MenuItem (Id, RestaurantId, Name, Description, Price, DateCreated) values ('e5b31419-1268-4b27-adec-21f51377c6ec', '48692d0c-938a-47fe-af43-fc405b5cedc3', 'Grassland Pricklypear', 'Quality-focused coherent productivity', 23.65, '2020-11-03T15:19:48Z');

insert into MenuItem (Id, RestaurantId, Name, Description, Price, DateCreated) values ('d582f43e-03c2-46a6-a203-9b128343854a', '2cdb99ae-4e3c-42d8-ad9e-101676305d93', 'Graceful Peperomia', 'Organized impactful knowledge user', 13.23, '2020-09-14T17:11:37Z');
insert into MenuItem (Id, RestaurantId, Name, Description, Price, DateCreated) values ('201f5519-190c-4575-94f9-a3955a09d5fe', '2cdb99ae-4e3c-42d8-ad9e-101676305d93', 'Nipplewort', 'Decentralized discrete database', 15.44, '2021-05-31T17:23:59Z');
insert into MenuItem (Id, RestaurantId, Name, Description, Price, DateCreated) values ('b7088e78-0c97-4971-a7f7-3952e4cb47b0', '2cdb99ae-4e3c-42d8-ad9e-101676305d93', 'Mexican Mimosa', 'Balanced disintermediate toolset', 22.0, '2021-04-27T15:37:47Z');
insert into MenuItem (Id, RestaurantId, Name, Description, Price, DateCreated) values ('e5af131e-654b-4f82-a908-df8ca069ddb5', '2cdb99ae-4e3c-42d8-ad9e-101676305d93', 'Smooth Johnnyberry', 'Implemented needs-based challenge', 18.05, '2020-10-05T14:28:39Z');
insert into MenuItem (Id, RestaurantId, Name, Description, Price, DateCreated) values ('ef8569f1-638a-46a6-9615-2c47fbecb483', '2cdb99ae-4e3c-42d8-ad9e-101676305d93', '''aku ''aku', 'Ameliorated background adapter', 8.37, '2020-12-10T10:47:45Z');
insert into MenuItem (Id, RestaurantId, Name, Description, Price, DateCreated) values ('8145cd97-5971-4e38-8ead-b41177474ed4', '2cdb99ae-4e3c-42d8-ad9e-101676305d93', 'Grooved Flax', 'Polarised cohesive capability', 8.98, '2020-09-21T00:01:06Z');
insert into MenuItem (Id, RestaurantId, Name, Description, Price, DateCreated) values ('318ebe48-0da4-46b7-81c0-89dc3b2c8e3b', '2cdb99ae-4e3c-42d8-ad9e-101676305d93', 'Ashe''s Calamint', 'Implemented intangible capacity', 9.6, '2021-08-10T05:31:08Z');
insert into MenuItem (Id, RestaurantId, Name, Description, Price, DateCreated) values ('82f77540-4f1a-43a8-be50-fbdb0926f56d', '2cdb99ae-4e3c-42d8-ad9e-101676305d93', 'Gray Bottlebrush', 'Expanded demand-driven service-desk', 13.44, '2021-02-24T16:21:10Z');
insert into MenuItem (Id, RestaurantId, Name, Description, Price, DateCreated) values ('5794841a-24f9-48a8-a09d-a0e5f52859c4', '2cdb99ae-4e3c-42d8-ad9e-101676305d93', 'Protoparmelia Lichen', 'Diverse intermediate hierarchy', 20.43, '2020-12-26T09:12:28Z');
insert into MenuItem (Id, RestaurantId, Name, Description, Price, DateCreated) values ('34dc8ea3-8a87-4167-8d44-301182b961d4', '2cdb99ae-4e3c-42d8-ad9e-101676305d93', 'Bulrush', 'Ergonomic coherent application', 12.73, '2020-08-26T08:07:50Z');
insert into MenuItem (Id, RestaurantId, Name, Description, Price, DateCreated) values ('346a4bf6-5daf-436b-be0a-bfabb24de879', '2cdb99ae-4e3c-42d8-ad9e-101676305d93', 'Robert Geranium', 'Adaptive clear-thinking concept', 12.04, '2020-11-10T10:15:31Z');
insert into MenuItem (Id, RestaurantId, Name, Description, Price, DateCreated) values ('c93ca090-183c-4ad7-9122-9dd15a4008a1', '2cdb99ae-4e3c-42d8-ad9e-101676305d93', 'Kamchatka Aconite', 'Cross-group attitude-oriented time-frame', 4.6, '2021-05-10T12:32:36Z');
insert into MenuItem (Id, RestaurantId, Name, Description, Price, DateCreated) values ('585f22a7-21de-44d6-9967-2b015a2caea2', '2cdb99ae-4e3c-42d8-ad9e-101676305d93', 'Beach Sensitive Pea', 'Organic needs-based secured line', 25.78, '2021-01-25T09:39:08Z');
insert into MenuItem (Id, RestaurantId, Name, Description, Price, DateCreated) values ('099c6ab2-4e00-48a7-b2fa-9816c5343141', '2cdb99ae-4e3c-42d8-ad9e-101676305d93', 'Yellowbeak Owl''s-clover', 'Adaptive local synergy', 13.48, '2021-07-08T22:43:11Z');
insert into MenuItem (Id, RestaurantId, Name, Description, Price, DateCreated) values ('390dc89e-83c3-43a8-94ca-b313a0cf93fe', '2cdb99ae-4e3c-42d8-ad9e-101676305d93', 'California Larkspur', 'Expanded solution-oriented artificial intelligence', 23.0, '2020-10-20T21:39:50Z');
insert into MenuItem (Id, RestaurantId, Name, Description, Price, DateCreated) values ('3b059eec-3ea2-4d00-8a34-0616e644d2f1', '2cdb99ae-4e3c-42d8-ad9e-101676305d93', 'Soft Bird''s-beak', 'Operative maximized attitude', 18.79, '2021-06-03T01:11:58Z');
insert into MenuItem (Id, RestaurantId, Name, Description, Price, DateCreated) values ('e81872bb-9411-4e8e-83c1-ab3f14856cc4', '2cdb99ae-4e3c-42d8-ad9e-101676305d93', '''ekoko', 'Cloned grid-enabled benchmark', 19.12, '2020-12-09T12:58:37Z');
insert into MenuItem (Id, RestaurantId, Name, Description, Price, DateCreated) values ('bab0a384-6acf-42e7-a9b8-8c98a4f1b6b2', '2cdb99ae-4e3c-42d8-ad9e-101676305d93', 'Spikerush', 'Intuitive dedicated adapter', 11.68, '2021-07-07T07:41:04Z');

insert into MenuItem (Id, RestaurantId, Name, Description, Price, DateCreated) values ('4017e22e-cfc6-4938-99a2-6af8c2055deb', '8a8212c2-8841-4c1f-abae-a5ee67deb84b', 'Orthotrichum Moss', 'Persistent static methodology', 19.73, '2020-09-02T19:47:32Z');
insert into MenuItem (Id, RestaurantId, Name, Description, Price, DateCreated) values ('9bf23e28-f4dc-486f-8cd8-1974325642e1', '8a8212c2-8841-4c1f-abae-a5ee67deb84b', 'Glowing Nightshade', 'Fundamental multi-state forecast', 17.67, '2021-03-05T11:40:50Z');
insert into MenuItem (Id, RestaurantId, Name, Description, Price, DateCreated) values ('7c704e39-0b1a-4cfa-9b89-bc2e4caebf5d', '8a8212c2-8841-4c1f-abae-a5ee67deb84b', 'Hayfield Tarweed', 'Cross-group 24/7 system engine', 19.71, '2020-08-24T21:27:54Z');
insert into MenuItem (Id, RestaurantId, Name, Description, Price, DateCreated) values ('2e30ab34-614b-4868-b5c4-cfe05f961fbc', '8a8212c2-8841-4c1f-abae-a5ee67deb84b', 'Alpinia', 'Balanced systematic capability', 11.17, '2021-07-18T06:22:07Z');
insert into MenuItem (Id, RestaurantId, Name, Description, Price, DateCreated) values ('704b9710-7056-41b7-93cc-cbff4e71f942', '8a8212c2-8841-4c1f-abae-a5ee67deb84b', 'Glacier Avens', 'Re-contextualized national productivity', 12.26, '2021-01-09T22:52:23Z');
insert into MenuItem (Id, RestaurantId, Name, Description, Price, DateCreated) values ('d331dcc8-7dc5-40c7-b6a2-a0d6b69a3cb8', '8a8212c2-8841-4c1f-abae-a5ee67deb84b', 'Polyblastia Lichen', 'Cross-group national open architecture', 3.81, '2020-11-17T02:17:53Z');
insert into MenuItem (Id, RestaurantId, Name, Description, Price, DateCreated) values ('150ee430-efaa-4dc9-8b5c-b870dd3f0034', '8a8212c2-8841-4c1f-abae-a5ee67deb84b', 'Willowleaf Meadowsweet', 'Optimized real-time forecast', 8.3, '2020-11-09T08:16:25Z');
insert into MenuItem (Id, RestaurantId, Name, Description, Price, DateCreated) values ('8d1c3bcc-19e6-403a-9adb-a8b0b613e63d', '8a8212c2-8841-4c1f-abae-a5ee67deb84b', 'Dames Rocket', 'Grass-roots eco-centric protocol', 12.99, '2021-07-09T18:46:58Z');
insert into MenuItem (Id, RestaurantId, Name, Description, Price, DateCreated) values ('6f3c0cc1-3b84-4884-a791-d35b1ad52acd', '8a8212c2-8841-4c1f-abae-a5ee67deb84b', 'Creeping Grovebur', 'Diverse bi-directional groupware', 23.69, '2021-06-25T08:45:25Z');
insert into MenuItem (Id, RestaurantId, Name, Description, Price, DateCreated) values ('b88175bf-9a56-4d3a-be5e-03415982e798', '8a8212c2-8841-4c1f-abae-a5ee67deb84b', 'Quillwort', 'Phased high-level definition', 7.16, '2020-11-20T17:18:57Z');
insert into MenuItem (Id, RestaurantId, Name, Description, Price, DateCreated) values ('646ce5a1-9791-47e3-a4cf-122a2d30fce8', '8a8212c2-8841-4c1f-abae-a5ee67deb84b', 'Scarlet Hawthorn', 'Ergonomic foreground open architecture', 28.79, '2020-10-11T10:39:44Z');
insert into MenuItem (Id, RestaurantId, Name, Description, Price, DateCreated) values ('133c6dad-611f-4632-a710-df2c9dcd2c73', '8a8212c2-8841-4c1f-abae-a5ee67deb84b', 'Serpentine Tarweed', 'Cross-platform scalable protocol', 3.86, '2021-05-20T19:38:16Z');
insert into MenuItem (Id, RestaurantId, Name, Description, Price, DateCreated) values ('c1583127-2147-420e-b40a-b12c54787992', '8a8212c2-8841-4c1f-abae-a5ee67deb84b', 'Aguinaldo Blanco', 'Stand-alone high-level hub', 18.32, '2021-06-21T01:05:50Z');
insert into MenuItem (Id, RestaurantId, Name, Description, Price, DateCreated) values ('79bfcbfd-2d23-40b3-8171-3309eb54b5a8', '8a8212c2-8841-4c1f-abae-a5ee67deb84b', 'Macfadyena', 'User-centric contextually-based Graphical User Interface', 22.21, '2021-07-09T13:46:32Z');
insert into MenuItem (Id, RestaurantId, Name, Description, Price, DateCreated) values ('e0a34a06-662a-4dcb-955f-f50a2445f6e1', '8a8212c2-8841-4c1f-abae-a5ee67deb84b', 'Banana Passionflower', 'Customer-focused 5th generation artificial intelligence', 25.11, '2021-04-08T11:52:52Z');
insert into MenuItem (Id, RestaurantId, Name, Description, Price, DateCreated) values ('9fbc920e-412b-4b67-afd8-cc27cc68a7c5', '8a8212c2-8841-4c1f-abae-a5ee67deb84b', 'Inga', 'Ameliorated empowering local area network', 26.88, '2021-08-03T17:18:52Z');
insert into MenuItem (Id, RestaurantId, Name, Description, Price, DateCreated) values ('565360d9-2178-46f9-b84e-b60542c43b95', '8a8212c2-8841-4c1f-abae-a5ee67deb84b', 'Yellow Fairybells', 'Programmable global product', 6.57, '2021-01-09T17:56:24Z');
insert into MenuItem (Id, RestaurantId, Name, Description, Price, DateCreated) values ('87d2747d-714d-44b3-9ba1-bf174d845a9d', '8a8212c2-8841-4c1f-abae-a5ee67deb84b', 'Spiral Ditchgrass', 'Upgradable eco-centric access', 3.69, '2020-11-23T08:12:40Z');
insert into MenuItem (Id, RestaurantId, Name, Description, Price, DateCreated) values ('b19ab313-3101-4718-9232-4e749c77d3b3', '8a8212c2-8841-4c1f-abae-a5ee67deb84b', 'Violet Wild Petunia', 'Universal web-enabled attitude', 17.01, '2021-05-09T13:37:56Z');
insert into MenuItem (Id, RestaurantId, Name, Description, Price, DateCreated) values ('774c30b7-cfe1-4e81-a71f-7f843613e836', '8a8212c2-8841-4c1f-abae-a5ee67deb84b', 'Silveus'' Grass', 'Focused impactful algorithm', 6.65, '2020-12-02T20:23:43Z');
insert into MenuItem (Id, RestaurantId, Name, Description, Price, DateCreated) values ('6609f99b-89bc-4bde-b933-ea358a2f5c63', '8a8212c2-8841-4c1f-abae-a5ee67deb84b', 'Mackenzie River Yellowcress', 'De-engineered needs-based approach', 8.91, '2021-02-04T12:37:02Z');
insert into MenuItem (Id, RestaurantId, Name, Description, Price, DateCreated) values ('274cd039-1464-4258-a288-6c94af83141f', '8a8212c2-8841-4c1f-abae-a5ee67deb84b', 'Egg Milkvetch', 'Up-sized mission-critical installation', 21.97, '2021-04-14T02:18:42Z');
insert into MenuItem (Id, RestaurantId, Name, Description, Price, DateCreated) values ('b9792737-5ab8-4d99-a503-0b7127793468', '8a8212c2-8841-4c1f-abae-a5ee67deb84b', 'Stewart''s Gilia', 'Triple-buffered non-volatile orchestration', 14.14, '2021-04-14T01:31:19Z');
insert into MenuItem (Id, RestaurantId, Name, Description, Price, DateCreated) values ('f1b2ca21-f05a-482b-9b2f-67bad0f4c066', '8a8212c2-8841-4c1f-abae-a5ee67deb84b', 'Candlebark', 'Function-based interactive benchmark', 17.44, '2021-08-01T21:04:09Z');
insert into MenuItem (Id, RestaurantId, Name, Description, Price, DateCreated) values ('b9f05229-7f9e-42e5-8d49-f1b305040fd4', '8a8212c2-8841-4c1f-abae-a5ee67deb84b', 'Columnea', 'Visionary didactic orchestration', 23.77, '2021-02-16T13:31:27Z');
insert into MenuItem (Id, RestaurantId, Name, Description, Price, DateCreated) values ('ff523804-676c-4dc1-94ab-73672206a772', '8a8212c2-8841-4c1f-abae-a5ee67deb84b', 'American White Waterlily', 'Balanced contextually-based budgetary management', 22.54, '2021-01-12T21:10:06Z');
insert into MenuItem (Id, RestaurantId, Name, Description, Price, DateCreated) values ('006ee95c-2775-4614-bc78-e23eb0020bff', '8a8212c2-8841-4c1f-abae-a5ee67deb84b', 'Pondweed', 'Multi-tiered static algorithm', 4.81, '2021-08-08T11:28:02Z');
insert into MenuItem (Id, RestaurantId, Name, Description, Price, DateCreated) values ('4cd3ba55-759e-46ca-837d-ecef63b8e937', '8a8212c2-8841-4c1f-abae-a5ee67deb84b', 'Comfortroot', 'Grass-roots scalable local area network', 13.93, '2021-06-01T09:54:12Z');
insert into MenuItem (Id, RestaurantId, Name, Description, Price, DateCreated) values ('369f459f-276d-4f0c-8f87-c8992a968a4a', '8a8212c2-8841-4c1f-abae-a5ee67deb84b', 'Moxley''s Dry Rock Moss', 'Synergized national open architecture', 27.44, '2020-09-30T09:25:06Z');
insert into MenuItem (Id, RestaurantId, Name, Description, Price, DateCreated) values ('cbc76e66-8473-4dd6-80ad-0a4642c2179b', '8a8212c2-8841-4c1f-abae-a5ee67deb84b', 'Dixie Ticktrefoil', 'Assimilated local middleware', 15.3, '2021-07-02T02:06:53Z');
insert into MenuItem (Id, RestaurantId, Name, Description, Price, DateCreated) values ('15bf9adc-ebc3-43b0-8346-95b00f1405b5', '8a8212c2-8841-4c1f-abae-a5ee67deb84b', 'Honewort', 'Reactive regional complexity', 3.45, '2020-10-17T21:35:20Z');
insert into MenuItem (Id, RestaurantId, Name, Description, Price, DateCreated) values ('b0eb3386-79aa-4764-a9bb-a67b815d36f1', '8a8212c2-8841-4c1f-abae-a5ee67deb84b', 'Antitrichia Moss', 'Sharable dynamic Graphical User Interface', 3.31, '2021-02-07T09:03:18Z');
insert into MenuItem (Id, RestaurantId, Name, Description, Price, DateCreated) values ('c010ef8b-0133-42ed-8c37-073cd6ac8c9b', '8a8212c2-8841-4c1f-abae-a5ee67deb84b', 'Dot Lichen', 'Cloned intermediate knowledge base', 5.18, '2021-03-18T17:52:25Z');
insert into MenuItem (Id, RestaurantId, Name, Description, Price, DateCreated) values ('a15895d3-a4d7-4a5f-aaff-1239d2d1cb90', '8a8212c2-8841-4c1f-abae-a5ee67deb84b', 'Silky Jackbean', 'Virtual executive product', 17.28, '2021-04-10T09:55:30Z');
insert into MenuItem (Id, RestaurantId, Name, Description, Price, DateCreated) values ('b97314c5-3ba1-4a10-9254-00ab54889156', '8a8212c2-8841-4c1f-abae-a5ee67deb84b', 'Yelloweyes', 'Down-sized full-range website', 16.85, '2021-05-02T19:42:07Z');
insert into MenuItem (Id, RestaurantId, Name, Description, Price, DateCreated) values ('0b7d3a1d-34de-442b-af76-0cd2b0afe218', '8a8212c2-8841-4c1f-abae-a5ee67deb84b', 'Tropical Whitetop', 'Digitized actuating secured line', 5.78, '2021-03-23T08:28:36Z');
insert into MenuItem (Id, RestaurantId, Name, Description, Price, DateCreated) values ('7c995d0d-8519-423e-ad6f-5e76c15c851d', '8a8212c2-8841-4c1f-abae-a5ee67deb84b', 'Sedge', 'Function-based 3rd generation moderator', 15.03, '2020-11-01T20:24:32Z');
insert into MenuItem (Id, RestaurantId, Name, Description, Price, DateCreated) values ('65e1dec5-f9b5-4b34-8b94-2c3a23012075', '8a8212c2-8841-4c1f-abae-a5ee67deb84b', 'Largeleaf Brunnera', 'Future-proofed hybrid circuit', 20.71, '2021-02-14T01:23:36Z');
insert into MenuItem (Id, RestaurantId, Name, Description, Price, DateCreated) values ('942e2c24-376a-47c1-8d81-dbb653c55933', '8a8212c2-8841-4c1f-abae-a5ee67deb84b', 'Forked Bluecurls', 'Enhanced local approach', 29.93, '2021-07-25T19:41:17Z');
insert into MenuItem (Id, RestaurantId, Name, Description, Price, DateCreated) values ('69f5ef83-874b-4e34-9c6d-ddbb5e3c8476', '8a8212c2-8841-4c1f-abae-a5ee67deb84b', 'False Coffee', 'Digitized coherent application', 10.78, '2021-01-31T10:44:45Z');
insert into MenuItem (Id, RestaurantId, Name, Description, Price, DateCreated) values ('270f5252-8eaf-42ee-aa03-aaadcc0d527c', '8a8212c2-8841-4c1f-abae-a5ee67deb84b', 'Yunnan Luculia', 'Phased secondary projection', 13.56, '2021-08-10T04:09:38Z');
insert into MenuItem (Id, RestaurantId, Name, Description, Price, DateCreated) values ('f4739d6b-6ed2-41c2-a463-022a1548b0cd', '8a8212c2-8841-4c1f-abae-a5ee67deb84b', 'Jelly Lichen', 'Reduced web-enabled project', 6.16, '2021-07-31T18:45:37Z');
insert into MenuItem (Id, RestaurantId, Name, Description, Price, DateCreated) values ('cadc57cb-dfc0-439a-ab0a-3797449ffc9a', '8a8212c2-8841-4c1f-abae-a5ee67deb84b', 'Tundra Aster', 'Synergistic regional algorithm', 8.45, '2021-05-04T16:26:34Z');
insert into MenuItem (Id, RestaurantId, Name, Description, Price, DateCreated) values ('4d31e5ff-2583-42ab-9a38-e3aed1d51138', '8a8212c2-8841-4c1f-abae-a5ee67deb84b', 'Coastal Bluff Bentgrass', 'Polarised 24/7 paradigm', 3.51, '2021-06-02T03:45:20Z');
insert into MenuItem (Id, RestaurantId, Name, Description, Price, DateCreated) values ('a4a4a17c-a38a-461d-a2eb-3fad2b1c15d7', '8a8212c2-8841-4c1f-abae-a5ee67deb84b', 'False Yucca', 'Object-based discrete matrix', 8.72, '2021-07-06T18:21:54Z');
insert into MenuItem (Id, RestaurantId, Name, Description, Price, DateCreated) values ('5ebc2c58-a09d-4e1c-af5d-9f4a20f332a3', '8a8212c2-8841-4c1f-abae-a5ee67deb84b', 'Kilauea Mauna Cyanea', 'Horizontal human-resource toolset', 24.14, '2021-02-10T21:02:20Z');
insert into MenuItem (Id, RestaurantId, Name, Description, Price, DateCreated) values ('7b71568a-3eac-4dac-908b-189739a83998', '8a8212c2-8841-4c1f-abae-a5ee67deb84b', 'Sage', 'Upgradable responsive database', 15.62, '2021-05-03T02:11:05Z');
insert into MenuItem (Id, RestaurantId, Name, Description, Price, DateCreated) values ('d5188666-a321-4eca-8f91-30bbb32aee88', '8a8212c2-8841-4c1f-abae-a5ee67deb84b', 'Purple False Gilyflower', 'Synergistic neutral methodology', 19.67, '2020-11-03T15:37:31Z');
insert into MenuItem (Id, RestaurantId, Name, Description, Price, DateCreated) values ('9cb01207-dd36-472f-a905-b4b9e1490e67', '8a8212c2-8841-4c1f-abae-a5ee67deb84b', 'Barren Willow', 'Distributed bi-directional matrix', 17.12, '2020-08-15T01:07:32Z');
insert into MenuItem (Id, RestaurantId, Name, Description, Price, DateCreated) values ('e70a0fea-18ef-4baa-807e-c00ea86cd1a8', '8a8212c2-8841-4c1f-abae-a5ee67deb84b', 'Alpine Lady''s Mantle', 'Digitized heuristic intranet', 26.25, '2020-11-04T16:12:39Z');
insert into MenuItem (Id, RestaurantId, Name, Description, Price, DateCreated) values ('d75965fd-8eda-4230-b54b-125c7c3c1596', '8a8212c2-8841-4c1f-abae-a5ee67deb84b', 'Wahine Noho Kula', 'Virtual disintermediate hardware', 14.84, '2020-09-20T15:11:34Z');
insert into MenuItem (Id, RestaurantId, Name, Description, Price, DateCreated) values ('d7ed4fb5-942f-4456-8d1c-e3c1a5b88ad6', '8a8212c2-8841-4c1f-abae-a5ee67deb84b', 'Japanese Wisteria', 'Realigned content-based software', 25.34, '2020-12-08T02:52:25Z');
insert into MenuItem (Id, RestaurantId, Name, Description, Price, DateCreated) values ('427c1403-fee8-443e-81dd-f564f13eb35c', '8a8212c2-8841-4c1f-abae-a5ee67deb84b', 'Kenya Bur Grass', 'Configurable scalable encoding', 17.34, '2020-11-27T00:38:37Z');
insert into MenuItem (Id, RestaurantId, Name, Description, Price, DateCreated) values ('2de246bd-f63f-42ce-9541-11a92f221f62', '8a8212c2-8841-4c1f-abae-a5ee67deb84b', 'Sticky Blue Eyed Mary', 'Open-source interactive synergy', 5.91, '2021-04-23T04:08:26Z');
insert into MenuItem (Id, RestaurantId, Name, Description, Price, DateCreated) values ('66e30b2b-7f2f-432c-950f-76e526482940', '8a8212c2-8841-4c1f-abae-a5ee67deb84b', 'Moore''s Brake', 'Sharable intermediate model', 26.49, '2021-03-19T23:55:40Z');
insert into MenuItem (Id, RestaurantId, Name, Description, Price, DateCreated) values ('e9818ad0-48d9-4c75-8e01-b74925f69dc8', '8a8212c2-8841-4c1f-abae-a5ee67deb84b', 'Kaala Rockwort', 'Face to face interactive definition', 11.68, '2021-02-17T02:22:23Z');
insert into MenuItem (Id, RestaurantId, Name, Description, Price, DateCreated) values ('f2e08ea4-d5df-44d6-a9ac-7ecd9b108f07', '8a8212c2-8841-4c1f-abae-a5ee67deb84b', 'Pinewoods Horkelia', 'Profit-focused user-facing challenge', 14.34, '2021-02-20T16:04:23Z');
insert into MenuItem (Id, RestaurantId, Name, Description, Price, DateCreated) values ('d215dd65-0171-4cf1-9894-60bb95d992fb', '8a8212c2-8841-4c1f-abae-a5ee67deb84b', 'California Brome', 'Customer-focused full-range focus group', 9.64, '2020-09-02T23:37:34Z');
insert into MenuItem (Id, RestaurantId, Name, Description, Price, DateCreated) values ('1f06244e-8e48-4e69-a38b-be370d2ec05e', '8a8212c2-8841-4c1f-abae-a5ee67deb84b', 'Coca', 'Cross-group zero defect algorithm', 7.56, '2020-12-10T06:14:19Z');
insert into MenuItem (Id, RestaurantId, Name, Description, Price, DateCreated) values ('d3f10302-8f55-402a-9a33-5d909e8bfdf5', '8a8212c2-8841-4c1f-abae-a5ee67deb84b', 'Keyflower', 'Sharable homogeneous moratorium', 9.68, '2020-10-27T15:57:44Z');
insert into MenuItem (Id, RestaurantId, Name, Description, Price, DateCreated) values ('c5f90db7-a6cd-4da4-ade9-0af47359542b', '8a8212c2-8841-4c1f-abae-a5ee67deb84b', 'Manyspore Rinodina Lichen', 'Programmable fault-tolerant info-mediaries', 13.69, '2021-03-04T12:42:53Z');
insert into MenuItem (Id, RestaurantId, Name, Description, Price, DateCreated) values ('672cbee3-a210-4902-a84f-4fefd339e5c6', '8a8212c2-8841-4c1f-abae-a5ee67deb84b', 'Skunkbush', 'Centralized bifurcated architecture', 19.47, '2021-07-16T06:18:18Z');
insert into MenuItem (Id, RestaurantId, Name, Description, Price, DateCreated) values ('e5da2145-bb5a-492b-b252-04cb8d9bd889', '8a8212c2-8841-4c1f-abae-a5ee67deb84b', 'Broom', 'Front-line 3rd generation approach', 27.96, '2021-03-09T18:04:36Z');
insert into MenuItem (Id, RestaurantId, Name, Description, Price, DateCreated) values ('7ce915e6-3a69-4b98-a6cf-6c1b72a28524', '8a8212c2-8841-4c1f-abae-a5ee67deb84b', 'Plantainleaf Buttercup', 'Multi-layered stable complexity', 13.83, '2021-06-04T23:03:22Z');
insert into MenuItem (Id, RestaurantId, Name, Description, Price, DateCreated) values ('06503aa7-25fd-4205-8840-8c8a481c873d', '8a8212c2-8841-4c1f-abae-a5ee67deb84b', 'Media Sandspurry', 'Streamlined non-volatile toolset', 19.13, '2021-04-13T19:59:11Z');
insert into MenuItem (Id, RestaurantId, Name, Description, Price, DateCreated) values ('adda8966-d75e-4139-a99c-980e3f0dc979', '8a8212c2-8841-4c1f-abae-a5ee67deb84b', 'The Cedars Manzanita', 'Profit-focused regional parallelism', 21.92, '2020-08-26T10:09:52Z');
insert into MenuItem (Id, RestaurantId, Name, Description, Price, DateCreated) values ('52e4773a-4d41-4578-960e-18782fc14599', '8a8212c2-8841-4c1f-abae-a5ee67deb84b', 'California Winged Rockcress', 'Distributed zero administration database', 21.04, '2021-06-20T08:45:40Z');
insert into MenuItem (Id, RestaurantId, Name, Description, Price, DateCreated) values ('f4ebba31-5c26-4d7b-b096-3977418653ac', '8a8212c2-8841-4c1f-abae-a5ee67deb84b', 'Ledingham''s False Dragonhead', 'Operative modular model', 14.37, '2020-10-26T19:28:36Z');
insert into MenuItem (Id, RestaurantId, Name, Description, Price, DateCreated) values ('2ef57b8f-da78-4fa8-bfe2-261495423b88', '8a8212c2-8841-4c1f-abae-a5ee67deb84b', 'European Cranberrybush', 'Enhanced object-oriented installation', 20.7, '2021-02-15T03:36:50Z');
insert into MenuItem (Id, RestaurantId, Name, Description, Price, DateCreated) values ('ae1c8f2e-eb82-461e-af1d-b47dcf1f7721', '8a8212c2-8841-4c1f-abae-a5ee67deb84b', 'Smallflower Swallow-wort', 'Future-proofed tertiary moderator', 24.19, '2021-07-25T00:18:12Z');
insert into MenuItem (Id, RestaurantId, Name, Description, Price, DateCreated) values ('57cf1acf-c41d-47f3-b8cc-bc801068a415', '8a8212c2-8841-4c1f-abae-a5ee67deb84b', 'San Gabriel Beardtongue', 'Adaptive motivating paradigm', 17.71, '2021-07-01T19:19:21Z');
insert into MenuItem (Id, RestaurantId, Name, Description, Price, DateCreated) values ('9ba59b4e-200f-4632-964c-9f9f9686a527', '8a8212c2-8841-4c1f-abae-a5ee67deb84b', 'Emory''s Baccharis', 'Right-sized maximized application', 22.2, '2021-04-15T04:14:19Z');
insert into MenuItem (Id, RestaurantId, Name, Description, Price, DateCreated) values ('9adf864a-be5d-4eed-9ca9-55971ce442ce', '8a8212c2-8841-4c1f-abae-a5ee67deb84b', 'Arctoparmelia Lichen', 'Enterprise-wide human-resource artificial intelligence', 26.52, '2020-11-02T00:22:01Z');
insert into MenuItem (Id, RestaurantId, Name, Description, Price, DateCreated) values ('d86f7840-cb79-436e-9728-9593d91dbaa1', '8a8212c2-8841-4c1f-abae-a5ee67deb84b', 'Disc Lichen', 'Inverse demand-driven benchmark', 23.51, '2021-03-03T10:00:47Z');
insert into MenuItem (Id, RestaurantId, Name, Description, Price, DateCreated) values ('db929ba7-46e1-4980-8841-843e7505e250', '8a8212c2-8841-4c1f-abae-a5ee67deb84b', 'Scholander''s Navel Lichen', 'Virtual bifurcated throughput', 24.44, '2021-06-01T11:43:34Z');
insert into MenuItem (Id, RestaurantId, Name, Description, Price, DateCreated) values ('ee29f23e-073f-44dc-99e3-598e91f5c6f4', '8a8212c2-8841-4c1f-abae-a5ee67deb84b', 'Lemington Hawthorn', 'Fundamental stable infrastructure', 27.15, '2020-12-28T05:34:19Z');
insert into MenuItem (Id, RestaurantId, Name, Description, Price, DateCreated) values ('14e1aab4-ac6f-435e-ae5b-d9faaba4e783', '8a8212c2-8841-4c1f-abae-a5ee67deb84b', 'Star Sedge', 'Networked system-worthy customer loyalty', 9.96, '2020-09-27T21:55:14Z');
insert into MenuItem (Id, RestaurantId, Name, Description, Price, DateCreated) values ('af59f6a5-8f2c-4175-9f05-89a9a2e6e8ea', '8a8212c2-8841-4c1f-abae-a5ee67deb84b', 'Land Grass', 'Managed optimizing emulation', 27.87, '2021-04-23T00:41:29Z');
insert into MenuItem (Id, RestaurantId, Name, Description, Price, DateCreated) values ('bef71585-2ee4-4d0e-b8df-ab11e5d69eaf', '8a8212c2-8841-4c1f-abae-a5ee67deb84b', 'Microcitrus', 'Phased needs-based projection', 19.0, '2021-01-09T11:01:15Z');
insert into MenuItem (Id, RestaurantId, Name, Description, Price, DateCreated) values ('ca2f7f31-3661-4b59-820b-e982678e6bdc', '8a8212c2-8841-4c1f-abae-a5ee67deb84b', 'Largeseed Bittercress', 'Synchronised tangible superstructure', 14.83, '2020-09-18T04:08:43Z');
insert into MenuItem (Id, RestaurantId, Name, Description, Price, DateCreated) values ('792b458c-5a9e-42e8-b689-37b3688c922b', '8a8212c2-8841-4c1f-abae-a5ee67deb84b', 'Mountain Guava', 'Inverse methodical task-force', 5.04, '2021-06-19T17:27:02Z');
insert into MenuItem (Id, RestaurantId, Name, Description, Price, DateCreated) values ('bf7b0d81-8366-4e9d-9c3a-67249ace0287', '8a8212c2-8841-4c1f-abae-a5ee67deb84b', 'Purpleflower Blacksnakeroot', 'Synergized stable approach', 10.55, '2021-01-06T10:03:53Z');
insert into MenuItem (Id, RestaurantId, Name, Description, Price, DateCreated) values ('f9aae6dd-245b-41d4-ae90-d60ba23a22f5', '8a8212c2-8841-4c1f-abae-a5ee67deb84b', 'Texas Selenia', 'Operative well-modulated benchmark', 11.89, '2021-07-23T04:20:17Z');
insert into MenuItem (Id, RestaurantId, Name, Description, Price, DateCreated) values ('fa04e8b2-e095-4113-8412-a961e2f3f7e5', '8a8212c2-8841-4c1f-abae-a5ee67deb84b', 'Waterlily', 'Horizontal zero defect emulation', 9.16, '2021-07-31T22:45:54Z');
insert into MenuItem (Id, RestaurantId, Name, Description, Price, DateCreated) values ('b43b99c6-48ff-4776-bb30-4986e98d06dc', '8a8212c2-8841-4c1f-abae-a5ee67deb84b', 'Wild Plantain', 'Visionary systematic architecture', 20.12, '2020-11-08T02:35:03Z');
insert into MenuItem (Id, RestaurantId, Name, Description, Price, DateCreated) values ('420b2933-3229-4afd-9e93-e852723e20d3', '8a8212c2-8841-4c1f-abae-a5ee67deb84b', 'Santa Lucia Manzanita', 'Future-proofed grid-enabled application', 6.13, '2020-08-31T13:04:27Z');
insert into MenuItem (Id, RestaurantId, Name, Description, Price, DateCreated) values ('ce6ad144-2a7b-4797-8f01-b0080e27fad3', '8a8212c2-8841-4c1f-abae-a5ee67deb84b', 'Short-hair Cottongrass', 'Reverse-engineered intermediate portal', 9.28, '2020-11-01T09:10:00Z');
insert into MenuItem (Id, RestaurantId, Name, Description, Price, DateCreated) values ('24b50f82-7860-488b-a9f7-61efe0cb51d5', '8a8212c2-8841-4c1f-abae-a5ee67deb84b', 'Wreath Lichen', 'Networked object-oriented utilisation', 22.83, '2020-10-11T01:47:43Z');
insert into MenuItem (Id, RestaurantId, Name, Description, Price, DateCreated) values ('706940be-adbe-47ca-b920-fa7c195892cb', '8a8212c2-8841-4c1f-abae-a5ee67deb84b', 'Coastal Galenia', 'Open-architected empowering strategy', 14.26, '2020-10-09T21:50:42Z');
insert into MenuItem (Id, RestaurantId, Name, Description, Price, DateCreated) values ('388d8905-e6e2-4d13-ae79-001af9fea3c0', '8a8212c2-8841-4c1f-abae-a5ee67deb84b', 'Snowdrop', 'Optimized holistic adapter', 24.94, '2021-04-16T00:10:16Z');
insert into MenuItem (Id, RestaurantId, Name, Description, Price, DateCreated) values ('55134570-d3ff-44e4-a36d-f22110016bf8', '8a8212c2-8841-4c1f-abae-a5ee67deb84b', 'Terlingua Creek Cryptantha', 'Organized radical application', 16.66, '2021-03-18T08:15:16Z');
insert into MenuItem (Id, RestaurantId, Name, Description, Price, DateCreated) values ('80eb3059-bc65-42d0-973f-c296a6bdd825', '8a8212c2-8841-4c1f-abae-a5ee67deb84b', 'Indian Mallow', 'Realigned systemic access', 20.2, '2021-08-11T19:43:13Z');
insert into MenuItem (Id, RestaurantId, Name, Description, Price, DateCreated) values ('106ac481-6ec4-4610-9eae-642f26ae07ad', '8a8212c2-8841-4c1f-abae-a5ee67deb84b', 'Broad-leaf Sweetleaf', 'Assimilated object-oriented extranet', 16.66, '2020-11-18T00:03:52Z');
insert into MenuItem (Id, RestaurantId, Name, Description, Price, DateCreated) values ('b146ce53-3875-482e-bd70-577e1baf2b0e', '8a8212c2-8841-4c1f-abae-a5ee67deb84b', 'Dropwort', 'Self-enabling encompassing pricing structure', 22.69, '2021-07-18T04:10:15Z');
insert into MenuItem (Id, RestaurantId, Name, Description, Price, DateCreated) values ('41618b49-ae36-4bec-8948-9ad848270054', '8a8212c2-8841-4c1f-abae-a5ee67deb84b', 'Phaeographis', 'Realigned explicit budgetary management', 26.53, '2021-04-18T02:53:32Z');
insert into MenuItem (Id, RestaurantId, Name, Description, Price, DateCreated) values ('0b31eeb0-ec6b-4121-9f6a-6d7758a23634', '8a8212c2-8841-4c1f-abae-a5ee67deb84b', 'Florida Fishpoison Tree', 'Grass-roots system-worthy encryption', 22.64, '2021-01-23T03:16:27Z');
insert into MenuItem (Id, RestaurantId, Name, Description, Price, DateCreated) values ('4ed11c28-0777-4666-aecf-fe018fccf3f9', '8a8212c2-8841-4c1f-abae-a5ee67deb84b', 'Ashleaf Goldenbanner', 'Organic global capability', 2.82, '2020-10-21T22:22:24Z');
insert into MenuItem (Id, RestaurantId, Name, Description, Price, DateCreated) values ('80e61442-40c6-49fa-adb6-ed13cbb0a89e', '8a8212c2-8841-4c1f-abae-a5ee67deb84b', 'Featherleaf Kittentails', 'Enhanced empowering migration', 8.71, '2020-08-20T15:04:23Z');
insert into MenuItem (Id, RestaurantId, Name, Description, Price, DateCreated) values ('33fd300a-8889-4aec-8999-d8c961bcf735', '8a8212c2-8841-4c1f-abae-a5ee67deb84b', 'Bolander''s Onion', 'Organized asynchronous project', 10.95, '2020-11-17T17:52:08Z');
insert into MenuItem (Id, RestaurantId, Name, Description, Price, DateCreated) values ('629e32fa-dd70-4502-8677-f49cb19e62b5', '8a8212c2-8841-4c1f-abae-a5ee67deb84b', 'Broadleaf Lupine', 'Virtual analyzing process improvement', 23.18, '2020-11-21T16:41:23Z');
insert into MenuItem (Id, RestaurantId, Name, Description, Price, DateCreated) values ('72719ee9-9118-47bb-946e-097a39e6c6c2', '8a8212c2-8841-4c1f-abae-a5ee67deb84b', 'Speerschneidera Lichen', 'Horizontal next generation superstructure', 18.03, '2020-10-20T01:52:22Z');
insert into MenuItem (Id, RestaurantId, Name, Description, Price, DateCreated) values ('5bfd6836-06ec-44d0-af31-8f03c6da0b63', '8a8212c2-8841-4c1f-abae-a5ee67deb84b', 'Dot Lichen', 'Balanced fault-tolerant firmware', 29.16, '2021-02-14T18:29:49Z');
insert into MenuItem (Id, RestaurantId, Name, Description, Price, DateCreated) values ('b42b5083-1286-4ddd-b15d-e541742bca34', '8a8212c2-8841-4c1f-abae-a5ee67deb84b', 'Dwarf Stickpea', 'Pre-emptive multi-tasking superstructure', 10.9, '2021-02-26T08:10:18Z');
insert into MenuItem (Id, RestaurantId, Name, Description, Price, DateCreated) values ('6042a9d0-f84d-4cb5-a974-59a6c35e363e', '8a8212c2-8841-4c1f-abae-a5ee67deb84b', 'West Indian Vanilla', 'Synergized asymmetric pricing structure', 3.98, '2021-01-13T18:13:17Z');
insert into MenuItem (Id, RestaurantId, Name, Description, Price, DateCreated) values ('a40e4989-2ba4-46e3-8723-55f311d76e96', '8a8212c2-8841-4c1f-abae-a5ee67deb84b', 'Lemhi Halimolobos', 'Organized logistical capacity', 16.85, '2020-08-29T06:41:58Z');
insert into MenuItem (Id, RestaurantId, Name, Description, Price, DateCreated) values ('3873a91c-dba7-4187-b84b-a0fca47508e4', '8a8212c2-8841-4c1f-abae-a5ee67deb84b', 'Rush Pussytoes', 'Assimilated object-oriented matrices', 26.39, '2021-01-28T15:29:08Z');
insert into MenuItem (Id, RestaurantId, Name, Description, Price, DateCreated) values ('e6766bc1-ec7e-4e5e-88f8-76ebccc4d934', '8a8212c2-8841-4c1f-abae-a5ee67deb84b', 'Guadalupe Wild Coffee', 'Centralized optimal complexity', 27.14, '2020-08-20T16:04:01Z');
insert into MenuItem (Id, RestaurantId, Name, Description, Price, DateCreated) values ('2e95ec21-a744-4925-8063-b275990abe8e', '8a8212c2-8841-4c1f-abae-a5ee67deb84b', 'Nottoway Valley Brome', 'Down-sized holistic forecast', 27.63, '2021-02-24T06:28:01Z');
insert into MenuItem (Id, RestaurantId, Name, Description, Price, DateCreated) values ('ac3fde6d-867b-4d66-a39e-a9f0ffd75c58', '8a8212c2-8841-4c1f-abae-a5ee67deb84b', 'Palustriella Moss', 'Open-source next generation analyzer', 26.94, '2021-04-16T04:18:12Z');
insert into MenuItem (Id, RestaurantId, Name, Description, Price, DateCreated) values ('06a2927d-ac60-4f91-af8f-61b0fede4df2', '8a8212c2-8841-4c1f-abae-a5ee67deb84b', 'Squareflower', 'Down-sized global functionalities', 28.75, '2020-09-19T11:53:06Z');
insert into MenuItem (Id, RestaurantId, Name, Description, Price, DateCreated) values ('085c8053-6ac1-4e7e-af35-11c330f63015', '8a8212c2-8841-4c1f-abae-a5ee67deb84b', 'Santa Cruz Island Liveforever', 'Ergonomic disintermediate paradigm', 14.3, '2020-11-21T18:07:26Z');
insert into MenuItem (Id, RestaurantId, Name, Description, Price, DateCreated) values ('2d95f496-dbba-44e1-80d6-0a6077baeb81', '8a8212c2-8841-4c1f-abae-a5ee67deb84b', 'Golden Gladecress', 'Seamless coherent success', 4.34, '2021-01-03T22:15:16Z');
insert into MenuItem (Id, RestaurantId, Name, Description, Price, DateCreated) values ('4e86c02b-bac5-474f-876b-533bb9c4f44c', '8a8212c2-8841-4c1f-abae-a5ee67deb84b', 'King Bladderpod', 'Implemented context-sensitive approach', 17.64, '2021-06-11T00:18:09Z');
insert into MenuItem (Id, RestaurantId, Name, Description, Price, DateCreated) values ('9a65360b-8d83-4248-962b-4f089abf0de2', '8a8212c2-8841-4c1f-abae-a5ee67deb84b', 'Sicklepod Rockcress', 'Adaptive eco-centric encoding', 23.17, '2020-10-17T07:39:39Z');
insert into MenuItem (Id, RestaurantId, Name, Description, Price, DateCreated) values ('1069ee84-e06f-4c6e-a897-3de0653f6749', '8a8212c2-8841-4c1f-abae-a5ee67deb84b', 'Southern Quillwort', 'Multi-channelled full-range definition', 28.64, '2021-05-31T12:14:03Z');
insert into MenuItem (Id, RestaurantId, Name, Description, Price, DateCreated) values ('8d4c5abd-bd97-4970-a38a-5dd5ac472d48', '8a8212c2-8841-4c1f-abae-a5ee67deb84b', 'Olancha Peak Buckwheat', 'Multi-channelled content-based matrix', 10.66, '2020-10-13T20:25:49Z');
insert into MenuItem (Id, RestaurantId, Name, Description, Price, DateCreated) values ('363bd6df-a876-4046-9889-e30b7fd5ac75', '8a8212c2-8841-4c1f-abae-a5ee67deb84b', 'California Croton', 'Devolved content-based policy', 26.77, '2021-08-02T04:55:09Z');
insert into MenuItem (Id, RestaurantId, Name, Description, Price, DateCreated) values ('a13964f9-5879-4825-a45c-a3d7cf3ed9f2', '8a8212c2-8841-4c1f-abae-a5ee67deb84b', 'Manyspike Flatsedge', 'Stand-alone asymmetric secured line', 3.32, '2021-03-18T12:49:16Z');
insert into MenuItem (Id, RestaurantId, Name, Description, Price, DateCreated) values ('c8b36af4-da1c-4ae8-b2d2-d0de971425ad', '8a8212c2-8841-4c1f-abae-a5ee67deb84b', 'Aerialroot Bristle Fern', 'Digitized zero defect benchmark', 7.47, '2020-11-22T13:18:12Z');
insert into MenuItem (Id, RestaurantId, Name, Description, Price, DateCreated) values ('a066a20b-4d31-44dd-9e3c-bd31d225b733', '8a8212c2-8841-4c1f-abae-a5ee67deb84b', 'Nevada Cinquefoil', 'Optional multi-state success', 24.01, '2020-08-22T02:07:17Z');
insert into MenuItem (Id, RestaurantId, Name, Description, Price, DateCreated) values ('1191ee05-3014-47c8-a256-4c5e490a179b', '8a8212c2-8841-4c1f-abae-a5ee67deb84b', 'Dwarf Witchalder', 'Proactive object-oriented installation', 10.39, '2021-03-06T15:34:54Z');
insert into MenuItem (Id, RestaurantId, Name, Description, Price, DateCreated) values ('df8ae564-8710-4cd7-ace8-2c691ee89f4e', '8a8212c2-8841-4c1f-abae-a5ee67deb84b', 'Wart Lichen', 'Adaptive dynamic capacity', 8.39, '2021-04-19T19:40:40Z');
insert into MenuItem (Id, RestaurantId, Name, Description, Price, DateCreated) values ('a5a8530b-828e-44ea-8ee8-8f6a65c371db', '8a8212c2-8841-4c1f-abae-a5ee67deb84b', 'Climbing Fetterbush', 'Intuitive zero tolerance strategy', 28.7, '2021-06-25T01:03:27Z');
insert into MenuItem (Id, RestaurantId, Name, Description, Price, DateCreated) values ('608cc044-c722-4c5f-a50e-41b9cd4832c6', '8a8212c2-8841-4c1f-abae-a5ee67deb84b', 'San Diego Raspberry', 'Organic content-based policy', 24.71, '2021-02-08T10:10:37Z');
insert into MenuItem (Id, RestaurantId, Name, Description, Price, DateCreated) values ('643f4b36-ae7a-4d45-a10f-97fe07500d4a', '8a8212c2-8841-4c1f-abae-a5ee67deb84b', 'Wendt''s Water Trumpet', 'Open-architected global ability', 15.26, '2021-07-10T13:35:03Z');
insert into MenuItem (Id, RestaurantId, Name, Description, Price, DateCreated) values ('77b79b03-acfa-4fd8-b335-3dc52e04c988', '8a8212c2-8841-4c1f-abae-a5ee67deb84b', 'American Wisteria', 'Organized directional infrastructure', 17.81, '2020-11-11T16:33:58Z');
insert into MenuItem (Id, RestaurantId, Name, Description, Price, DateCreated) values ('dda5fe75-0f0b-48a0-be88-a0b096fe2b72', '8a8212c2-8841-4c1f-abae-a5ee67deb84b', 'Hairy Forked Nailwort', 'Innovative non-volatile protocol', 4.19, '2021-07-20T07:40:21Z');
insert into MenuItem (Id, RestaurantId, Name, Description, Price, DateCreated) values ('b1811115-c1d6-4d7f-86f1-8bae4bd46afe', '8a8212c2-8841-4c1f-abae-a5ee67deb84b', 'Smooth Devil''s-claws', 'Versatile upward-trending orchestration', 29.29, '2021-03-12T14:20:33Z');
insert into MenuItem (Id, RestaurantId, Name, Description, Price, DateCreated) values ('a86652ed-d1cd-43a8-afe0-3bdbc39a0f73', '8a8212c2-8841-4c1f-abae-a5ee67deb84b', 'Bee Orchid', 'Enterprise-wide secondary hardware', 23.74, '2021-05-12T08:33:12Z');
insert into MenuItem (Id, RestaurantId, Name, Description, Price, DateCreated) values ('81f3eb1f-799d-4dd9-b263-07d8e434ab44', '8a8212c2-8841-4c1f-abae-a5ee67deb84b', 'Alkali Goldenbush', 'Face to face contextually-based methodology', 22.64, '2021-01-29T04:02:21Z');
insert into MenuItem (Id, RestaurantId, Name, Description, Price, DateCreated) values ('2c87b209-40e8-4346-9dee-dc15bcdacd1c', '8a8212c2-8841-4c1f-abae-a5ee67deb84b', 'Prince Patrick Alkaligrass', 'Realigned mission-critical success', 11.39, '2021-07-18T12:21:36Z');
insert into MenuItem (Id, RestaurantId, Name, Description, Price, DateCreated) values ('ef727439-b251-401a-af74-ac44955d5aa1', '8a8212c2-8841-4c1f-abae-a5ee67deb84b', 'Salmon Gum', 'Triple-buffered secondary budgetary management', 9.42, '2021-04-19T14:13:13Z');
insert into MenuItem (Id, RestaurantId, Name, Description, Price, DateCreated) values ('8786ba3d-0313-4574-a003-6292385253ec', '8a8212c2-8841-4c1f-abae-a5ee67deb84b', 'Corita', 'Visionary motivating moratorium', 28.16, '2021-03-13T05:42:42Z');
insert into MenuItem (Id, RestaurantId, Name, Description, Price, DateCreated) values ('8bc47b5a-ad80-4e30-a883-2ab0ab27b797', '8a8212c2-8841-4c1f-abae-a5ee67deb84b', 'Pacific Lacefern', 'Managed attitude-oriented capability', 8.55, '2020-11-12T19:11:32Z');
insert into MenuItem (Id, RestaurantId, Name, Description, Price, DateCreated) values ('09ffa96c-931c-4702-8b21-313244d10443', '8a8212c2-8841-4c1f-abae-a5ee67deb84b', 'Fernleaf Goldthread', 'Enhanced regional artificial intelligence', 6.71, '2020-12-28T04:38:48Z');
insert into MenuItem (Id, RestaurantId, Name, Description, Price, DateCreated) values ('0baea36b-c618-477f-8d06-5aece1a7d2eb', '8a8212c2-8841-4c1f-abae-a5ee67deb84b', 'Blazing Star', 'Self-enabling incremental methodology', 10.39, '2021-07-31T23:50:53Z');
insert into MenuItem (Id, RestaurantId, Name, Description, Price, DateCreated) values ('014d427c-73d8-4a04-9904-1a0493c55dd9', '8a8212c2-8841-4c1f-abae-a5ee67deb84b', 'Bog Birch', 'Synergistic needs-based paradigm', 9.27, '2021-04-10T07:43:58Z');
insert into MenuItem (Id, RestaurantId, Name, Description, Price, DateCreated) values ('22adc19d-cbe7-44f9-9912-415e7af95f88', '8a8212c2-8841-4c1f-abae-a5ee67deb84b', 'Slender Woodland-star', 'Down-sized optimizing local area network', 17.06, '2021-06-27T11:40:58Z');
insert into MenuItem (Id, RestaurantId, Name, Description, Price, DateCreated) values ('e5ce0d0b-aae2-4499-a22c-f17b5ecefcb3', '8a8212c2-8841-4c1f-abae-a5ee67deb84b', 'Coastal Wormwood', 'Re-contextualized zero tolerance concept', 21.29, '2021-05-09T02:44:17Z');
insert into MenuItem (Id, RestaurantId, Name, Description, Price, DateCreated) values ('079acbd0-1068-48a7-b3a7-803bb1f0a549', '8a8212c2-8841-4c1f-abae-a5ee67deb84b', 'Wine Raspberry', 'Pre-emptive user-facing analyzer', 2.62, '2021-04-15T10:22:21Z');
insert into MenuItem (Id, RestaurantId, Name, Description, Price, DateCreated) values ('cda20a35-4672-4ae3-a6f3-79d0400f98ed', '8a8212c2-8841-4c1f-abae-a5ee67deb84b', 'Vail Lake Ceanothus', 'Secured high-level help-desk', 23.98, '2020-11-10T23:11:41Z');
insert into MenuItem (Id, RestaurantId, Name, Description, Price, DateCreated) values ('18ccd3c3-3e98-4609-88b0-d182c9f66cf7', '8a8212c2-8841-4c1f-abae-a5ee67deb84b', 'Oak Mistletoe', 'Object-based holistic hierarchy', 19.81, '2021-08-01T16:04:41Z');
insert into MenuItem (Id, RestaurantId, Name, Description, Price, DateCreated) values ('002ea8eb-6980-4f2d-9b8f-0b1c72dcba77', '8a8212c2-8841-4c1f-abae-a5ee67deb84b', 'Shinystem Spleenwort', 'Switchable bandwidth-monitored function', 11.18, '2020-11-25T20:10:07Z');
insert into MenuItem (Id, RestaurantId, Name, Description, Price, DateCreated) values ('4d83335a-1bb1-4924-98c9-96623eaa7804', '8a8212c2-8841-4c1f-abae-a5ee67deb84b', 'Western Seapurslane', 'Ergonomic multi-tasking adapter', 16.74, '2020-08-28T18:34:36Z');
insert into MenuItem (Id, RestaurantId, Name, Description, Price, DateCreated) values ('2e0925c5-4591-4392-bbce-c8b7fb12f8a4', '8a8212c2-8841-4c1f-abae-a5ee67deb84b', 'Feay''s Palafox', 'Advanced content-based adapter', 2.93, '2020-10-03T06:06:36Z');
insert into MenuItem (Id, RestaurantId, Name, Description, Price, DateCreated) values ('f9b6776e-396d-4d61-86e1-6f0a232e9f3d', '8a8212c2-8841-4c1f-abae-a5ee67deb84b', 'Schofield''s Andreaea Moss', 'Configurable tangible projection', 28.49, '2021-04-13T02:50:09Z');
insert into MenuItem (Id, RestaurantId, Name, Description, Price, DateCreated) values ('1d252e95-cb85-4c7c-93d4-9b22416bc9f3', '8a8212c2-8841-4c1f-abae-a5ee67deb84b', 'Purple Avens', 'Multi-lateral logistical groupware', 8.4, '2020-09-11T14:11:40Z');
insert into MenuItem (Id, RestaurantId, Name, Description, Price, DateCreated) values ('338a5560-3a66-4099-94d0-e0c03544f214', '8a8212c2-8841-4c1f-abae-a5ee67deb84b', 'Shortbeak Sedge', 'Adaptive regional middleware', 10.83, '2020-12-28T06:08:21Z');
insert into MenuItem (Id, RestaurantId, Name, Description, Price, DateCreated) values ('ce2e07fe-4075-4f19-80a3-baed08e89b6e', '8a8212c2-8841-4c1f-abae-a5ee67deb84b', 'Grand Canyon Campion', 'Sharable clear-thinking service-desk', 19.9, '2020-11-30T04:52:43Z');
insert into MenuItem (Id, RestaurantId, Name, Description, Price, DateCreated) values ('9b388a6d-c979-408b-9a6a-8e8a90f8f88d', '8a8212c2-8841-4c1f-abae-a5ee67deb84b', 'Parsley Piert', 'Integrated reciprocal model', 3.71, '2021-06-27T01:09:55Z');
insert into MenuItem (Id, RestaurantId, Name, Description, Price, DateCreated) values ('96f87df3-fa19-480f-b65d-4b91431c8b5c', '8a8212c2-8841-4c1f-abae-a5ee67deb84b', 'Brewer''s Snapdragon', 'Cross-platform global productivity', 6.68, '2021-03-02T14:16:26Z');
insert into MenuItem (Id, RestaurantId, Name, Description, Price, DateCreated) values ('8090cbb3-45fa-4d4d-9a67-53fd03f42ea2', '8a8212c2-8841-4c1f-abae-a5ee67deb84b', 'Sedge', 'Managed uniform hierarchy', 24.18, '2021-05-01T20:26:59Z');
insert into MenuItem (Id, RestaurantId, Name, Description, Price, DateCreated) values ('db194bbb-e784-4240-94f6-0af24e63c213', '8a8212c2-8841-4c1f-abae-a5ee67deb84b', 'Pacific Hairgrass', 'Realigned solution-oriented core', 3.23, '2021-01-31T21:29:13Z');
insert into MenuItem (Id, RestaurantId, Name, Description, Price, DateCreated) values ('fbe540a3-87af-4e33-b5bf-6e03eae7998d', '8a8212c2-8841-4c1f-abae-a5ee67deb84b', 'Rimrock Milkvetch', 'Ergonomic client-server structure', 28.44, '2020-10-22T18:33:08Z');
insert into MenuItem (Id, RestaurantId, Name, Description, Price, DateCreated) values ('cdd261ed-d122-40f6-98fc-e36f9b324902', '8a8212c2-8841-4c1f-abae-a5ee67deb84b', 'Lambstongue Ragwort', 'Pre-emptive clear-thinking open architecture', 17.73, '2020-10-28T00:19:14Z');
insert into MenuItem (Id, RestaurantId, Name, Description, Price, DateCreated) values ('becfad5e-83a6-4eaa-86af-66f8e1075767', '8a8212c2-8841-4c1f-abae-a5ee67deb84b', 'Golden Carpetgrass', 'Focused system-worthy utilisation', 20.41, '2020-11-09T03:00:45Z');
insert into MenuItem (Id, RestaurantId, Name, Description, Price, DateCreated) values ('dfa3e906-54d2-4d68-82f5-74778e759b0f', '8a8212c2-8841-4c1f-abae-a5ee67deb84b', 'Stalked Bur Grass', 'Networked cohesive access', 20.85, '2021-03-23T16:41:17Z');
insert into MenuItem (Id, RestaurantId, Name, Description, Price, DateCreated) values ('16da7c5c-5d35-4ffc-af17-0c3aa235f628', '8a8212c2-8841-4c1f-abae-a5ee67deb84b', 'Tripterocladium Moss', 'Robust demand-driven flexibility', 17.49, '2021-06-12T08:41:46Z');
insert into MenuItem (Id, RestaurantId, Name, Description, Price, DateCreated) values ('571cdff1-5afa-4763-8a79-941d273db537', '8a8212c2-8841-4c1f-abae-a5ee67deb84b', 'Lichenostigma Lichen', 'Optional dynamic infrastructure', 22.75, '2020-08-13T23:03:56Z');
insert into MenuItem (Id, RestaurantId, Name, Description, Price, DateCreated) values ('2995d0a9-e954-402c-bac6-0e9430185736', '8a8212c2-8841-4c1f-abae-a5ee67deb84b', 'Antidaphne', 'Up-sized context-sensitive framework', 22.52, '2020-11-01T23:54:27Z');
insert into MenuItem (Id, RestaurantId, Name, Description, Price, DateCreated) values ('a4f64aaa-d6f1-47b8-aa73-814ded07d22e', '8a8212c2-8841-4c1f-abae-a5ee67deb84b', 'Bigelow''s Monkeyflower', 'Versatile regional instruction set', 8.17, '2021-03-19T14:56:10Z');
insert into MenuItem (Id, RestaurantId, Name, Description, Price, DateCreated) values ('02a61207-2cf9-4ea2-965c-d31ebb431b81', '8a8212c2-8841-4c1f-abae-a5ee67deb84b', 'Camphor Tansy', 'Quality-focused empowering projection', 5.29, '2020-11-12T00:16:55Z');
insert into MenuItem (Id, RestaurantId, Name, Description, Price, DateCreated) values ('f9aceb5d-17cd-4dc7-a86d-35cf1b306396', '8a8212c2-8841-4c1f-abae-a5ee67deb84b', 'Sonoma Hedgenettle', 'Persevering incremental strategy', 2.22, '2021-05-06T17:59:24Z');
insert into MenuItem (Id, RestaurantId, Name, Description, Price, DateCreated) values ('b09b58ce-cfac-4658-bc55-e9e66c461ba3', '8a8212c2-8841-4c1f-abae-a5ee67deb84b', 'Narrowleaf Bittercress', 'Enterprise-wide incremental knowledge base', 17.91, '2021-04-04T10:50:06Z');
insert into MenuItem (Id, RestaurantId, Name, Description, Price, DateCreated) values ('7953a526-63fd-4eee-81c4-a4be91907d22', '8a8212c2-8841-4c1f-abae-a5ee67deb84b', 'Coconut Paspalum', 'Focused solution-oriented methodology', 6.06, '2020-08-20T18:50:41Z');
insert into MenuItem (Id, RestaurantId, Name, Description, Price, DateCreated) values ('b9acc3ea-492c-4d0d-aee0-90cf33cf4e0b', '8a8212c2-8841-4c1f-abae-a5ee67deb84b', 'Olney''s Hairy Sedge', 'Fully-configurable secondary throughput', 25.21, '2021-07-25T15:46:32Z');
insert into MenuItem (Id, RestaurantId, Name, Description, Price, DateCreated) values ('b29ea019-c663-4670-93a6-252a8f8d9d40', '8a8212c2-8841-4c1f-abae-a5ee67deb84b', 'Annual Fescue', 'Focused zero tolerance knowledge user', 13.74, '2020-12-01T16:14:58Z');
insert into MenuItem (Id, RestaurantId, Name, Description, Price, DateCreated) values ('2a0a201e-3492-4bc5-90a6-8641ef54449a', '8a8212c2-8841-4c1f-abae-a5ee67deb84b', 'Venidium', 'Pre-emptive incremental standardization', 27.37, '2020-09-12T19:40:03Z');
insert into MenuItem (Id, RestaurantId, Name, Description, Price, DateCreated) values ('265e6859-3205-4fcf-8d7e-ef02599eeeb5', '8a8212c2-8841-4c1f-abae-a5ee67deb84b', 'Phyllopsora Lichen', 'Decentralized radical system engine', 4.63, '2021-03-09T06:55:45Z');
insert into MenuItem (Id, RestaurantId, Name, Description, Price, DateCreated) values ('c9c5068e-1ce5-487b-a3fb-9b9d638d6887', '8a8212c2-8841-4c1f-abae-a5ee67deb84b', 'Turk''s Turbin', 'Enterprise-wide multimedia conglomeration', 3.5, '2021-05-18T09:02:06Z');
insert into MenuItem (Id, RestaurantId, Name, Description, Price, DateCreated) values ('f39b2b4c-e8c0-4e39-873b-4e338ec876af', '8a8212c2-8841-4c1f-abae-a5ee67deb84b', 'Dwarf Alkaligrass', 'Programmable tertiary model', 9.01, '2020-11-11T08:17:22Z');
insert into MenuItem (Id, RestaurantId, Name, Description, Price, DateCreated) values ('a09c4bd0-e46c-4485-b514-a5579c958468', '8a8212c2-8841-4c1f-abae-a5ee67deb84b', 'Purdy''s Penstemon', 'Innovative impactful benchmark', 11.86, '2020-10-12T03:48:20Z');
insert into MenuItem (Id, RestaurantId, Name, Description, Price, DateCreated) values ('76e4f6f8-4b55-4339-80d4-b6241f73af76', '8a8212c2-8841-4c1f-abae-a5ee67deb84b', 'Shortspike Watermilfoil', 'Multi-layered holistic process improvement', 12.74, '2020-08-12T22:46:38Z');
insert into MenuItem (Id, RestaurantId, Name, Description, Price, DateCreated) values ('30a31650-6fef-4d94-a3b6-1f5f1264cc61', '8a8212c2-8841-4c1f-abae-a5ee67deb84b', 'Bushy Heliotrope', 'Front-line multi-tasking policy', 12.68, '2021-03-28T16:38:31Z');
insert into MenuItem (Id, RestaurantId, Name, Description, Price, DateCreated) values ('c670eb3d-d96c-4496-8298-e9d697254cf8', '8a8212c2-8841-4c1f-abae-a5ee67deb84b', 'Big Bluestem', 'Optional transitional adapter', 13.89, '2020-08-16T05:27:57Z');
insert into MenuItem (Id, RestaurantId, Name, Description, Price, DateCreated) values ('5349489f-524d-43f0-9dbb-9c26e1e49e31', '8a8212c2-8841-4c1f-abae-a5ee67deb84b', 'Japanese Pachysandra', 'Implemented grid-enabled protocol', 24.08, '2021-06-10T03:25:46Z');
insert into MenuItem (Id, RestaurantId, Name, Description, Price, DateCreated) values ('d9dbe087-b216-4e76-afea-46db48116539', '8a8212c2-8841-4c1f-abae-a5ee67deb84b', 'Douglas'' Grasswidow', 'Monitored heuristic encoding', 8.28, '2021-06-08T08:12:46Z');
insert into MenuItem (Id, RestaurantId, Name, Description, Price, DateCreated) values ('d7ef315d-e92a-4cbe-a7e8-ffe0e7b2bc27', '8a8212c2-8841-4c1f-abae-a5ee67deb84b', 'Peruvian Peppertree', 'Distributed systemic core', 27.99, '2020-12-06T03:18:33Z');
insert into MenuItem (Id, RestaurantId, Name, Description, Price, DateCreated) values ('110bd9b6-bb10-49d4-b3e0-a779b777620e', '8a8212c2-8841-4c1f-abae-a5ee67deb84b', 'Livid Sedge', 'Upgradable even-keeled conglomeration', 27.94, '2021-07-16T18:14:25Z');
insert into MenuItem (Id, RestaurantId, Name, Description, Price, DateCreated) values ('83fa87c1-b999-4c78-8883-f904e323792e', '8a8212c2-8841-4c1f-abae-a5ee67deb84b', 'Yellow Rabbitbrush', 'Upgradable regional open architecture', 3.26, '2020-12-09T16:08:27Z');
insert into MenuItem (Id, RestaurantId, Name, Description, Price, DateCreated) values ('488c5dbb-2f6e-41f1-8c51-69680889c74e', '8a8212c2-8841-4c1f-abae-a5ee67deb84b', 'West Indian Spleenwort', 'Decentralized tangible ability', 5.09, '2020-09-03T06:06:27Z');
insert into MenuItem (Id, RestaurantId, Name, Description, Price, DateCreated) values ('832babc2-0f91-4ae5-b59a-23b693358adc', '8a8212c2-8841-4c1f-abae-a5ee67deb84b', 'Alpine Meadow-rue', 'Expanded contextually-based array', 11.28, '2021-03-25T23:41:30Z');
insert into MenuItem (Id, RestaurantId, Name, Description, Price, DateCreated) values ('b9ab41f9-9cb7-41cf-b94a-52ff46d74b5f', '8a8212c2-8841-4c1f-abae-a5ee67deb84b', 'Aleutian Holly Fern', 'Up-sized web-enabled artificial intelligence', 6.23, '2021-01-06T03:06:06Z');
insert into MenuItem (Id, RestaurantId, Name, Description, Price, DateCreated) values ('cacfd09f-9e4f-49d0-aff1-f268dbc081fc', '8a8212c2-8841-4c1f-abae-a5ee67deb84b', 'Grimmia Dry Rock Moss', 'Managed web-enabled matrices', 5.31, '2021-07-19T07:56:00Z');
insert into MenuItem (Id, RestaurantId, Name, Description, Price, DateCreated) values ('304b33f7-787f-4614-bda7-02a00a67c8fe', '8a8212c2-8841-4c1f-abae-a5ee67deb84b', 'Rupertia', 'Object-based non-volatile internet solution', 14.95, '2020-12-04T07:47:00Z');
insert into MenuItem (Id, RestaurantId, Name, Description, Price, DateCreated) values ('b9fdf810-23d7-4619-bbc2-0c257b866968', '8a8212c2-8841-4c1f-abae-a5ee67deb84b', 'Pretty Sedge', 'Front-line national function', 7.26, '2021-06-05T15:53:48Z');
insert into MenuItem (Id, RestaurantId, Name, Description, Price, DateCreated) values ('66ef4a00-ef13-4459-ac1c-485b9688ec0d', '8a8212c2-8841-4c1f-abae-a5ee67deb84b', 'Orange Lichen', 'Programmable heuristic leverage', 9.08, '2021-08-10T18:43:59Z');
insert into MenuItem (Id, RestaurantId, Name, Description, Price, DateCreated) values ('5962b9ca-212f-4c6a-8e06-b3203da917a0', '8a8212c2-8841-4c1f-abae-a5ee67deb84b', 'Cup Lichen', 'Seamless contextually-based algorithm', 4.37, '2020-08-14T22:26:43Z');
insert into MenuItem (Id, RestaurantId, Name, Description, Price, DateCreated) values ('db326db4-1652-4d9f-8fe6-9e0f0dcb3791', '8a8212c2-8841-4c1f-abae-a5ee67deb84b', 'Snowbasin Draba', 'Universal even-keeled time-frame', 16.37, '2020-10-11T07:37:22Z');
insert into MenuItem (Id, RestaurantId, Name, Description, Price, DateCreated) values ('da69536c-8dce-4916-ac0f-3b761a3979f0', '8a8212c2-8841-4c1f-abae-a5ee67deb84b', 'Lyall''s Goldenweed', 'Mandatory discrete internet solution', 26.59, '2021-03-28T21:32:40Z');
insert into MenuItem (Id, RestaurantId, Name, Description, Price, DateCreated) values ('925205e6-a210-4e3c-8653-1e13957fea79', '8a8212c2-8841-4c1f-abae-a5ee67deb84b', 'White Fiestaflower', 'Advanced exuding superstructure', 9.57, '2021-05-25T04:04:20Z');
insert into MenuItem (Id, RestaurantId, Name, Description, Price, DateCreated) values ('5ba11d47-4685-4cf2-8ae9-31c1924b0e52', '8a8212c2-8841-4c1f-abae-a5ee67deb84b', 'Phaeocalicium Lichen', 'Reverse-engineered non-volatile complexity', 7.79, '2020-12-30T11:28:22Z');
insert into MenuItem (Id, RestaurantId, Name, Description, Price, DateCreated) values ('2a3660c6-f49b-49d0-881a-ec68b3d12885', '8a8212c2-8841-4c1f-abae-a5ee67deb84b', 'Tarwi', 'Multi-channelled mission-critical framework', 20.02, '2020-10-11T04:20:53Z');
insert into MenuItem (Id, RestaurantId, Name, Description, Price, DateCreated) values ('96537031-55fd-4aab-bfe9-dcd13c1e6ede', '8a8212c2-8841-4c1f-abae-a5ee67deb84b', 'Vancouver Porotrichum Moss', 'Devolved web-enabled local area network', 19.86, '2020-11-24T09:59:59Z');
insert into MenuItem (Id, RestaurantId, Name, Description, Price, DateCreated) values ('9027ae2a-a945-4677-bcef-dcf22f171e7c', '8a8212c2-8841-4c1f-abae-a5ee67deb84b', 'Kona Cheesewood', 'Future-proofed eco-centric array', 17.25, '2021-02-09T19:59:09Z');
insert into MenuItem (Id, RestaurantId, Name, Description, Price, DateCreated) values ('176597ad-afeb-4af6-80ba-76447c978202', '8a8212c2-8841-4c1f-abae-a5ee67deb84b', 'Lichenothelia Lichen', 'Visionary impactful challenge', 21.65, '2021-06-20T08:14:16Z');
insert into MenuItem (Id, RestaurantId, Name, Description, Price, DateCreated) values ('c7ca4f63-98d9-4ab0-92e0-fab6206cb4cd', '8a8212c2-8841-4c1f-abae-a5ee67deb84b', 'Early Bluegrass', 'Integrated well-modulated hierarchy', 15.74, '2021-02-16T06:25:50Z');
insert into MenuItem (Id, RestaurantId, Name, Description, Price, DateCreated) values ('7fc73cdd-8239-45cb-badf-8ff1c3f14eb3', '8a8212c2-8841-4c1f-abae-a5ee67deb84b', 'Fleshy Starwort', 'Cross-platform 5th generation intranet', 24.29, '2021-04-25T00:49:10Z');

