delete from [Restaurant];
delete from [Order];
delete from [User];


insert into User (Id, Email, FirstName, LastName, AddressCity, AddressCityZip, AddressStreet, IsRestaurantOwner, PasswordHash, PasswordSalt) values ('46D951FD-262F-4EA9-A971-B49A05073862', 'customer1@hotmeals.com', 'Ailis', 'Van Oort', 'Boca Chica', '11102', '872 Mayfield Parkway', 0, 'mI+DdcGMXHoUgt6K+iBWsFWf6sWD7StjILj8pn4MgtganiT0LRVe2PPJL4udnPM60doMM3UtTUNy7Qrzf8mGSNbjgTFIBJGYK1wzF/XUa1OAYrusb+CneGiUUSh2nALAxKe9zn0wUolYisFyE3pZoTTNIj4V0q2Lrj3XP/WbaaLrZI6QH7EGxGloqEkgLdy/SfJ9FLBQ4ItDF9Vjjz81l/lodT+HMWTHM6oiAIKwP6bJoNiIQYgKfDR0/jfh4STQGOobCGv3DWZiMRQcK13YohariW1fNyzT4ynTgf6EwHzXi6iZ3aRoorHaBO40nEhd0U9xi+YjvmD/cu+CPOCL+w==', '0xGAi1fqUD/I3zr2G9bRXg==');
insert into User (Id, Email, FirstName, LastName, AddressCity, AddressCityZip, AddressStreet, IsRestaurantOwner, PasswordHash, PasswordSalt) values ('3917921E-C95F-4CED-B7E3-A4D57AC8DC6B', 'customer2@hotmeals.com', 'Stormie', 'Whye', 'Aganan', '5001', '04 Mosinee Crossing', 0, 'mI+DdcGMXHoUgt6K+iBWsFWf6sWD7StjILj8pn4MgtganiT0LRVe2PPJL4udnPM60doMM3UtTUNy7Qrzf8mGSNbjgTFIBJGYK1wzF/XUa1OAYrusb+CneGiUUSh2nALAxKe9zn0wUolYisFyE3pZoTTNIj4V0q2Lrj3XP/WbaaLrZI6QH7EGxGloqEkgLdy/SfJ9FLBQ4ItDF9Vjjz81l/lodT+HMWTHM6oiAIKwP6bJoNiIQYgKfDR0/jfh4STQGOobCGv3DWZiMRQcK13YohariW1fNyzT4ynTgf6EwHzXi6iZ3aRoorHaBO40nEhd0U9xi+YjvmD/cu+CPOCL+w==', '0xGAi1fqUD/I3zr2G9bRXg==');
insert into User (Id, Email, FirstName, LastName, AddressCity, AddressCityZip, AddressStreet, IsRestaurantOwner, PasswordHash, PasswordSalt) values ('718CA1CD-765C-403A-A2DF-4E49CE87728B', 'customer3@hotmeals.com', 'Kelcie', 'Addinall', 'Buffalo', '14205', '9 Ryan Alley', 0, 'mI+DdcGMXHoUgt6K+iBWsFWf6sWD7StjILj8pn4MgtganiT0LRVe2PPJL4udnPM60doMM3UtTUNy7Qrzf8mGSNbjgTFIBJGYK1wzF/XUa1OAYrusb+CneGiUUSh2nALAxKe9zn0wUolYisFyE3pZoTTNIj4V0q2Lrj3XP/WbaaLrZI6QH7EGxGloqEkgLdy/SfJ9FLBQ4ItDF9Vjjz81l/lodT+HMWTHM6oiAIKwP6bJoNiIQYgKfDR0/jfh4STQGOobCGv3DWZiMRQcK13YohariW1fNyzT4ynTgf6EwHzXi6iZ3aRoorHaBO40nEhd0U9xi+YjvmD/cu+CPOCL+w==', '0xGAi1fqUD/I3zr2G9bRXg==');
insert into User (Id, Email, FirstName, LastName, AddressCity, AddressCityZip, AddressStreet, IsRestaurantOwner, PasswordHash, PasswordSalt) values ('E1446401-62F4-4B56-87FC-D1A1CBA4FFB6', 'customer4@hotmeals.com', 'Mellisent', 'Normadell', 'Kunri', '94101', '0482 Jenna Court', 0, 'mI+DdcGMXHoUgt6K+iBWsFWf6sWD7StjILj8pn4MgtganiT0LRVe2PPJL4udnPM60doMM3UtTUNy7Qrzf8mGSNbjgTFIBJGYK1wzF/XUa1OAYrusb+CneGiUUSh2nALAxKe9zn0wUolYisFyE3pZoTTNIj4V0q2Lrj3XP/WbaaLrZI6QH7EGxGloqEkgLdy/SfJ9FLBQ4ItDF9Vjjz81l/lodT+HMWTHM6oiAIKwP6bJoNiIQYgKfDR0/jfh4STQGOobCGv3DWZiMRQcK13YohariW1fNyzT4ynTgf6EwHzXi6iZ3aRoorHaBO40nEhd0U9xi+YjvmD/cu+CPOCL+w==', '0xGAi1fqUD/I3zr2G9bRXg==');
insert into User (Id, Email, FirstName, LastName, AddressCity, AddressCityZip, AddressStreet, IsRestaurantOwner, PasswordHash, PasswordSalt) values ('A15ECBB6-A08A-4D93-90B5-EEF2D02A503F', 'customer5@hotmeals.com', 'Alexine', 'Fanner', 'Barreiros', '4615-492', '4386 Meadow Valley Terrace', 0, 'mI+DdcGMXHoUgt6K+iBWsFWf6sWD7StjILj8pn4MgtganiT0LRVe2PPJL4udnPM60doMM3UtTUNy7Qrzf8mGSNbjgTFIBJGYK1wzF/XUa1OAYrusb+CneGiUUSh2nALAxKe9zn0wUolYisFyE3pZoTTNIj4V0q2Lrj3XP/WbaaLrZI6QH7EGxGloqEkgLdy/SfJ9FLBQ4ItDF9Vjjz81l/lodT+HMWTHM6oiAIKwP6bJoNiIQYgKfDR0/jfh4STQGOobCGv3DWZiMRQcK13YohariW1fNyzT4ynTgf6EwHzXi6iZ3aRoorHaBO40nEhd0U9xi+YjvmD/cu+CPOCL+w==', '0xGAi1fqUD/I3zr2G9bRXg==');
insert into User (Id, Email, FirstName, LastName, AddressCity, AddressCityZip, AddressStreet, IsRestaurantOwner, PasswordHash, PasswordSalt) values ('69860106-9999-48E9-B361-03D78D05F1EF', 'owner1@hotmeals.com', 'Jenifer', 'Bernaldez', 'Yuankeng', '94101', '911 Duke Place', 1, 'mI+DdcGMXHoUgt6K+iBWsFWf6sWD7StjILj8pn4MgtganiT0LRVe2PPJL4udnPM60doMM3UtTUNy7Qrzf8mGSNbjgTFIBJGYK1wzF/XUa1OAYrusb+CneGiUUSh2nALAxKe9zn0wUolYisFyE3pZoTTNIj4V0q2Lrj3XP/WbaaLrZI6QH7EGxGloqEkgLdy/SfJ9FLBQ4ItDF9Vjjz81l/lodT+HMWTHM6oiAIKwP6bJoNiIQYgKfDR0/jfh4STQGOobCGv3DWZiMRQcK13YohariW1fNyzT4ynTgf6EwHzXi6iZ3aRoorHaBO40nEhd0U9xi+YjvmD/cu+CPOCL+w==', '0xGAi1fqUD/I3zr2G9bRXg==');
insert into User (Id, Email, FirstName, LastName, AddressCity, AddressCityZip, AddressStreet, IsRestaurantOwner, PasswordHash, PasswordSalt) values ('DD98D5AF-25E4-4BFF-878A-C957CEAD04B5', 'owner2@hotmeals.com', 'Felicdad', 'Delacoste', 'Nanyang', '94101', '4808 Sommers Way', 1, 'mI+DdcGMXHoUgt6K+iBWsFWf6sWD7StjILj8pn4MgtganiT0LRVe2PPJL4udnPM60doMM3UtTUNy7Qrzf8mGSNbjgTFIBJGYK1wzF/XUa1OAYrusb+CneGiUUSh2nALAxKe9zn0wUolYisFyE3pZoTTNIj4V0q2Lrj3XP/WbaaLrZI6QH7EGxGloqEkgLdy/SfJ9FLBQ4ItDF9Vjjz81l/lodT+HMWTHM6oiAIKwP6bJoNiIQYgKfDR0/jfh4STQGOobCGv3DWZiMRQcK13YohariW1fNyzT4ynTgf6EwHzXi6iZ3aRoorHaBO40nEhd0U9xi+YjvmD/cu+CPOCL+w==', '0xGAi1fqUD/I3zr2G9bRXg==');
insert into User (Id, Email, FirstName, LastName, AddressCity, AddressCityZip, AddressStreet, IsRestaurantOwner, PasswordHash, PasswordSalt) values ('F2B0D23D-BC97-4258-A355-AD3D79414446', 'owner3@hotmeals.com', 'Sharl', 'Ogger', 'Limoges', '87066 CEDEX 2', '89 1st Trail', 1, 'mI+DdcGMXHoUgt6K+iBWsFWf6sWD7StjILj8pn4MgtganiT0LRVe2PPJL4udnPM60doMM3UtTUNy7Qrzf8mGSNbjgTFIBJGYK1wzF/XUa1OAYrusb+CneGiUUSh2nALAxKe9zn0wUolYisFyE3pZoTTNIj4V0q2Lrj3XP/WbaaLrZI6QH7EGxGloqEkgLdy/SfJ9FLBQ4ItDF9Vjjz81l/lodT+HMWTHM6oiAIKwP6bJoNiIQYgKfDR0/jfh4STQGOobCGv3DWZiMRQcK13YohariW1fNyzT4ynTgf6EwHzXi6iZ3aRoorHaBO40nEhd0U9xi+YjvmD/cu+CPOCL+w==', '0xGAi1fqUD/I3zr2G9bRXg==');

insert into Restaurant (Id, OwnerId, Name, Description, PhoneNumber, DateCreated, [Version]) values ('0BAF2163-D3B6-4798-AECA-47F58143A25B', '69860106-9999-48E9-B361-03D78D05F1EF', 'Lions Gate Entertainment Corporation', '12-700 - Systems Furniture', '613-641-2375', '2021-03-20T21:04:43Z', 1);
insert into Restaurant (Id, OwnerId, Name, Description, PhoneNumber, DateCreated, [Version]) values ('15AF9286-6DBD-4F19-95F2-6B37A75680DA', '69860106-9999-48E9-B361-03D78D05F1EF', 'Southern Missouri Bancorp, Inc.', '13-120 - Pre-Engineered Structures', '813-417-7409', '2020-09-30T20:15:32Z', 1);
insert into Restaurant (Id, OwnerId, Name, Description, PhoneNumber, DateCreated, [Version]) values ('48692D0C-938A-47FE-AF43-FC405B5CEDC3', '69860106-9999-48E9-B361-03D78D05F1EF', 'Ionis Pharmaceuticals, Inc.', '1-550 - Vehicular Access and Parking', '826-429-7448', '2021-04-15T14:40:59Z', 1);
insert into Restaurant (Id, OwnerId, Name, Description, PhoneNumber, DateCreated, [Version]) values ('2CDB99AE-4E3C-42D8-AD9E-101676305D93', 'DD98D5AF-25E4-4BFF-878A-C957CEAD04B5', 'Sinclair Broadcast Group, Inc.', '15-500 - Heat-Generation Equipment', '550-938-6825', '2021-01-12T14:35:20Z', 1);
insert into Restaurant (Id, OwnerId, Name, Description, PhoneNumber, DateCreated, [Version]) values ('8A8212C2-8841-4C1F-ABAE-A5EE67DEB84B', 'DD98D5AF-25E4-4BFF-878A-C957CEAD04B5', 'Qwest Corporation', '15-500 - Heat-Generation Equipment', '226-433-0229', '2021-01-09T00:50:16Z', 1);


insert into MenuItem (Id, RestaurantId, Name, Description, Price, DateCreated) values ('4F8D5051-0D12-4E69-8D74-1D65D91D9058', '0BAF2163-D3B6-4798-AECA-47F58143A25B', 'Hairy Indian Mallow', 'Grass-roots grid-enabled utilisation', 23.86, '2021-06-09T05:02:39Z');
insert into MenuItem (Id, RestaurantId, Name, Description, Price, DateCreated) values ('43A7A9B1-B664-4502-AC17-8D4D8F6EAB45', '0BAF2163-D3B6-4798-AECA-47F58143A25B', 'Ponce Beadfern', 'Synchronised responsive synergy', 11.73, '2021-05-18T14:56:24Z');
insert into MenuItem (Id, RestaurantId, Name, Description, Price, DateCreated) values ('21C26B54-C489-4606-9F4D-53801C686A65', '0BAF2163-D3B6-4798-AECA-47F58143A25B', 'Kings River Monkeyflower', 'Persevering coherent conglomeration', 12.29, '2021-01-03T11:58:03Z');
insert into MenuItem (Id, RestaurantId, Name, Description, Price, DateCreated) values ('4B579D82-42BC-4E10-84EC-B1A5185B4825', '0BAF2163-D3B6-4798-AECA-47F58143A25B', 'Toothed Spurge', 'Programmable heuristic matrices', 9.2, '2021-02-11T04:02:29Z');
insert into MenuItem (Id, RestaurantId, Name, Description, Price, DateCreated) values ('EE32F2C9-81C5-493A-A073-B54D98C9754D', '0BAF2163-D3B6-4798-AECA-47F58143A25B', 'Italian Bugloss', 'Total multimedia open architecture', 17.72, '2021-02-27T12:26:28Z');
insert into MenuItem (Id, RestaurantId, Name, Description, Price, DateCreated) values ('4FAEC3A1-F770-4F74-8ADA-FB11F6017ED8', '0BAF2163-D3B6-4798-AECA-47F58143A25B', 'Wormseed', 'Phased incremental matrix', 12.82, '2020-12-19T15:25:31Z');
insert into MenuItem (Id, RestaurantId, Name, Description, Price, DateCreated) values ('78F5813C-5430-4B67-8200-C230D83327FA', '0BAF2163-D3B6-4798-AECA-47F58143A25B', 'Sierra Bluecup', 'Visionary high-level hub', 21.55, '2020-12-12T11:39:05Z');
insert into MenuItem (Id, RestaurantId, Name, Description, Price, DateCreated) values ('51458AA7-DE72-4ACC-955C-BE05F4987F7E', '0BAF2163-D3B6-4798-AECA-47F58143A25B', 'Asian Indian Mallow', 'Robust upward-trending adapter', 25.89, '2020-12-26T23:05:28Z');
insert into MenuItem (Id, RestaurantId, Name, Description, Price, DateCreated) values ('81C5F194-4A47-4B04-807A-AE66B36F1EE2', '0BAF2163-D3B6-4798-AECA-47F58143A25B', 'Bearberry Willow', 'Assimilated impactful hardware', 13.78, '2020-09-27T18:42:07Z');
insert into MenuItem (Id, RestaurantId, Name, Description, Price, DateCreated) values ('B2F3B122-8E67-41ED-B3B5-73FA58A96CD2', '0BAF2163-D3B6-4798-AECA-47F58143A25B', 'Child''s Blue Eyed Mary', 'Advanced systemic projection', 19.08, '2021-04-24T10:31:52Z');
insert into MenuItem (Id, RestaurantId, Name, Description, Price, DateCreated) values ('35CB788C-C5CE-407E-A98D-EEFF495FAC73', '0BAF2163-D3B6-4798-AECA-47F58143A25B', 'Fragile Rockbrake', 'Seamless object-oriented capability', 27.64, '2021-03-08T14:13:28Z');
insert into MenuItem (Id, RestaurantId, Name, Description, Price, DateCreated) values ('64153093-3503-46C9-9EB6-C1E83451149E', '0BAF2163-D3B6-4798-AECA-47F58143A25B', 'Nevada Bulrush', 'Virtual fault-tolerant data-warehouse', 4.94, '2021-04-10T19:02:24Z');
insert into MenuItem (Id, RestaurantId, Name, Description, Price, DateCreated) values ('380C8B3F-2D7E-4392-B0FA-49518DBA4CB9', '0BAF2163-D3B6-4798-AECA-47F58143A25B', 'Black Apple', 'Streamlined disintermediate access', 13.17, '2021-05-26T19:22:40Z');
insert into MenuItem (Id, RestaurantId, Name, Description, Price, DateCreated) values ('83B2FF25-6907-487C-94ED-93FBB7D67302', '0BAF2163-D3B6-4798-AECA-47F58143A25B', 'Largeflower Speargrass', 'Assimilated maximized pricing structure', 3.97, '2020-09-24T05:00:48Z');
insert into MenuItem (Id, RestaurantId, Name, Description, Price, DateCreated) values ('02275A08-B73A-4C85-9603-06BF6BA91BD5', '0BAF2163-D3B6-4798-AECA-47F58143A25B', 'Hyssopleaf Fleabane', 'Expanded mobile productivity', 25.91, '2020-12-20T16:29:06Z');
insert into MenuItem (Id, RestaurantId, Name, Description, Price, DateCreated) values ('CB4E65CE-DA95-4B2C-AF18-E75243BBAE1B', '0BAF2163-D3B6-4798-AECA-47F58143A25B', 'Scouler''s Valerian', 'Future-proofed tertiary budgetary management', 18.43, '2020-08-22T09:42:28Z');
insert into MenuItem (Id, RestaurantId, Name, Description, Price, DateCreated) values ('996D8B37-B791-422C-99DE-BDCD22247D7B', '0BAF2163-D3B6-4798-AECA-47F58143A25B', 'Pepperleaf Sweetwood', 'Realigned analyzing website', 23.23, '2021-06-04T09:59:21Z');
insert into MenuItem (Id, RestaurantId, Name, Description, Price, DateCreated) values ('0C75C447-1750-41E3-AED0-CED4EAE463E9', '0BAF2163-D3B6-4798-AECA-47F58143A25B', 'Intermountain Bedstraw', 'Visionary upward-trending circuit', 29.94, '2021-05-22T03:08:01Z');
insert into MenuItem (Id, RestaurantId, Name, Description, Price, DateCreated) values ('8E1C4769-06EC-4713-99E3-AD03E4F76144', '0BAF2163-D3B6-4798-AECA-47F58143A25B', 'Palapalai', 'Customer-focused modular project', 20.05, '2020-09-07T06:46:34Z');
insert into MenuItem (Id, RestaurantId, Name, Description, Price, DateCreated) values ('CA03A73F-886C-49F8-8375-027D1FD5FD31', '0BAF2163-D3B6-4798-AECA-47F58143A25B', 'Nodding Bluet', 'Face to face analyzing open architecture', 24.33, '2021-07-15T07:48:54Z');
insert into MenuItem (Id, RestaurantId, Name, Description, Price, DateCreated) values ('6A1C44CD-F956-4956-B2CA-3A8203DE05A9', '0BAF2163-D3B6-4798-AECA-47F58143A25B', 'Tinker''s Penny', 'Polarised fault-tolerant middleware', 15.36, '2020-10-04T06:14:46Z');
insert into MenuItem (Id, RestaurantId, Name, Description, Price, DateCreated) values ('1474EB8E-F81E-4BD3-B4E1-A4E6322A2C6B', '0BAF2163-D3B6-4798-AECA-47F58143A25B', 'Hickman''s Cinquefoil', 'Versatile 24/7 success', 4.68, '2021-07-02T22:08:37Z');
insert into MenuItem (Id, RestaurantId, Name, Description, Price, DateCreated) values ('CF370BB4-7DB3-4976-A5BB-542C07F9BC2A', '0BAF2163-D3B6-4798-AECA-47F58143A25B', 'Fanshape Orchid', 'Optional methodical attitude', 2.95, '2021-07-08T17:00:53Z');
insert into MenuItem (Id, RestaurantId, Name, Description, Price, DateCreated) values ('C243085E-CF98-4C35-B69E-B3F43E14DD95', '0BAF2163-D3B6-4798-AECA-47F58143A25B', 'European Waterclover', 'Synergistic fault-tolerant synergy', 23.79, '2020-11-19T09:48:53Z');
insert into MenuItem (Id, RestaurantId, Name, Description, Price, DateCreated) values ('DC90E3F9-C865-439B-A807-E862D6819CAE', '0BAF2163-D3B6-4798-AECA-47F58143A25B', 'Western Brackenfern', 'Operative exuding capacity', 17.14, '2021-06-20T01:12:47Z');
insert into MenuItem (Id, RestaurantId, Name, Description, Price, DateCreated) values ('86D02259-40EA-4942-B96A-B33163C12065', '0BAF2163-D3B6-4798-AECA-47F58143A25B', 'Longleaf Buckwheat', 'Polarised client-server task-force', 18.99, '2021-02-20T14:38:42Z');
insert into MenuItem (Id, RestaurantId, Name, Description, Price, DateCreated) values ('EF5B56E7-64C2-43B0-B584-BA047D257185', '0BAF2163-D3B6-4798-AECA-47F58143A25B', 'Waihanau Lobelia', 'Networked multi-tasking protocol', 29.22, '2021-01-16T03:19:07Z');
insert into MenuItem (Id, RestaurantId, Name, Description, Price, DateCreated) values ('FE670829-C15F-45B9-ACFE-6B868460BF57', '0BAF2163-D3B6-4798-AECA-47F58143A25B', 'Slender Woollyheads', 'Secured modular approach', 3.17, '2021-03-28T14:10:50Z');
insert into MenuItem (Id, RestaurantId, Name, Description, Price, DateCreated) values ('222663E2-9562-4A2D-9AFE-2ADC22CA4027', '0BAF2163-D3B6-4798-AECA-47F58143A25B', 'West Indian Gherkin', 'Optimized contextually-based leverage', 9.9, '2020-11-15T17:09:28Z');
insert into MenuItem (Id, RestaurantId, Name, Description, Price, DateCreated) values ('9947E09C-E30F-4BDF-B5E4-58F488D2F5E2', '0BAF2163-D3B6-4798-AECA-47F58143A25B', 'Hawkweed', 'Upgradable upward-trending throughput', 2.81, '2021-07-28T06:33:06Z');
insert into MenuItem (Id, RestaurantId, Name, Description, Price, DateCreated) values ('ABD355FA-31E4-45C4-8B97-F201492EAE83', '0BAF2163-D3B6-4798-AECA-47F58143A25B', 'Fitzgerald''s Sphagnum', 'Extended web-enabled installation', 2.08, '2021-05-25T23:24:56Z');

insert into MenuItem (Id, RestaurantId, Name, Description, Price, DateCreated) values ('731FC2DC-96F5-44CA-89B7-2D689CAD3E60', '15AF9286-6DBD-4F19-95F2-6B37A75680DA', 'Sixweeks Lovegrass', 'Monitored discrete matrix', 22.56, '2020-10-28T12:27:30Z');
insert into MenuItem (Id, RestaurantId, Name, Description, Price, DateCreated) values ('B7529E99-2A80-41C2-A757-469215D86BC5', '15AF9286-6DBD-4F19-95F2-6B37A75680DA', 'Hairy Jointvetch', 'Intuitive 5th generation challenge', 8.65, '2021-01-10T14:10:01Z');
insert into MenuItem (Id, RestaurantId, Name, Description, Price, DateCreated) values ('C8374DC1-7914-43D5-80CE-A7BE5EAECAD4', '15AF9286-6DBD-4F19-95F2-6B37A75680DA', 'Aster', 'Sharable bandwidth-monitored architecture', 19.24, '2021-04-19T20:50:05Z');
insert into MenuItem (Id, RestaurantId, Name, Description, Price, DateCreated) values ('33C9B187-E019-4969-82A4-D8990FDDC1FE', '15AF9286-6DBD-4F19-95F2-6B37A75680DA', 'Sal Tree', 'Pre-emptive object-oriented conglomeration', 14.59, '2021-01-11T11:51:29Z');
insert into MenuItem (Id, RestaurantId, Name, Description, Price, DateCreated) values ('611DDD62-0936-485D-A9B6-0877A2E5E158', '15AF9286-6DBD-4F19-95F2-6B37A75680DA', 'Islandthicket Threeawn', 'Ergonomic well-modulated budgetary management', 14.8, '2021-07-31T17:23:17Z');
insert into MenuItem (Id, RestaurantId, Name, Description, Price, DateCreated) values ('10A42B2A-C077-4224-801D-B4017DB8A25C', '15AF9286-6DBD-4F19-95F2-6B37A75680DA', 'Whiskbroom Parsley', 'Persistent analyzing moderator', 25.92, '2021-04-12T03:52:50Z');
insert into MenuItem (Id, RestaurantId, Name, Description, Price, DateCreated) values ('CFA69C03-B259-4078-BABE-B8304FDC85FD', '15AF9286-6DBD-4F19-95F2-6B37A75680DA', 'Woolly Distaff Thistle', 'User-centric scalable focus group', 16.43, '2020-10-20T16:05:21Z');
insert into MenuItem (Id, RestaurantId, Name, Description, Price, DateCreated) values ('7E24B51F-B451-4B41-8246-08EB306498AB', '15AF9286-6DBD-4F19-95F2-6B37A75680DA', 'False Fiddleleaf', 'Advanced user-facing algorithm', 17.37, '2021-03-19T03:44:04Z');
insert into MenuItem (Id, RestaurantId, Name, Description, Price, DateCreated) values ('DF2481DB-6FE9-4C70-A9CF-C77CDF780F4D', '15AF9286-6DBD-4F19-95F2-6B37A75680DA', 'Posey County Blackberry', 'Multi-layered interactive capability', 19.4, '2021-01-07T10:02:02Z');
insert into MenuItem (Id, RestaurantId, Name, Description, Price, DateCreated) values ('7F45D529-D997-47B3-9544-AC4ABF752D04', '15AF9286-6DBD-4F19-95F2-6B37A75680DA', 'West Indian Pinkroot', 'Compatible context-sensitive superstructure', 17.07, '2021-06-22T21:57:41Z');
insert into MenuItem (Id, RestaurantId, Name, Description, Price, DateCreated) values ('21BE5A52-4E0B-40D3-9C94-42C17B2E362C', '15AF9286-6DBD-4F19-95F2-6B37A75680DA', 'Oahu Pohe Hiwa', 'Polarised composite moderator', 16.43, '2020-11-01T04:49:27Z');
insert into MenuItem (Id, RestaurantId, Name, Description, Price, DateCreated) values ('CC65140B-9E69-412A-954D-330AAB5EF865', '15AF9286-6DBD-4F19-95F2-6B37A75680DA', 'Zigzag Groundsmoke', 'Right-sized transitional solution', 17.38, '2021-01-15T16:29:36Z');
insert into MenuItem (Id, RestaurantId, Name, Description, Price, DateCreated) values ('419DE028-B774-4CF6-8973-AF325BB61AF1', '15AF9286-6DBD-4F19-95F2-6B37A75680DA', 'Ropalospora Lichen', 'Assimilated national archive', 21.19, '2020-12-20T19:09:45Z');
insert into MenuItem (Id, RestaurantId, Name, Description, Price, DateCreated) values ('BF6F0127-F051-4525-9FE2-3E740176BB82', '15AF9286-6DBD-4F19-95F2-6B37A75680DA', 'Cup Lichen', 'Proactive contextually-based project', 19.4, '2020-11-10T20:18:37Z');
insert into MenuItem (Id, RestaurantId, Name, Description, Price, DateCreated) values ('2545D7DC-0182-4EB4-9671-DAA3F36CD988', '15AF9286-6DBD-4F19-95F2-6B37A75680DA', 'Chilean Cedar', 'Open-source mission-critical project', 5.93, '2021-06-16T18:29:44Z');
insert into MenuItem (Id, RestaurantId, Name, Description, Price, DateCreated) values ('7F209FF4-BA16-40C0-A9D5-162E363FA0E3', '15AF9286-6DBD-4F19-95F2-6B37A75680DA', 'Waxy Springparsley', 'Implemented actuating approach', 11.27, '2021-07-22T11:35:38Z');
insert into MenuItem (Id, RestaurantId, Name, Description, Price, DateCreated) values ('0D9BD17A-2C15-43E3-8FA0-2F218CEF8D14', '15AF9286-6DBD-4F19-95F2-6B37A75680DA', 'Burnet''s Skin Lichen', 'Networked interactive standardization', 28.6, '2021-01-25T23:03:13Z');
insert into MenuItem (Id, RestaurantId, Name, Description, Price, DateCreated) values ('A519CE04-B18E-48B9-8BC2-74B309667F4B', '15AF9286-6DBD-4F19-95F2-6B37A75680DA', 'South African Ragwort', 'Stand-alone leading edge open system', 13.06, '2020-12-26T17:13:43Z');
insert into MenuItem (Id, RestaurantId, Name, Description, Price, DateCreated) values ('62343941-B2F5-43F6-97F6-B8FA1F9F4490', '15AF9286-6DBD-4F19-95F2-6B37A75680DA', 'Malephora', 'Up-sized even-keeled complexity', 6.46, '2021-05-13T17:24:11Z');
insert into MenuItem (Id, RestaurantId, Name, Description, Price, DateCreated) values ('8B028738-DEC0-460A-8307-55AA989EEFCF', '15AF9286-6DBD-4F19-95F2-6B37A75680DA', 'Graphina Lichen', 'Digitized background access', 29.44, '2021-01-15T13:58:07Z');
insert into MenuItem (Id, RestaurantId, Name, Description, Price, DateCreated) values ('06FFD091-D3F7-4130-B47D-1D82B451EE80', '15AF9286-6DBD-4F19-95F2-6B37A75680DA', 'Shoshonea', 'Enterprise-wide explicit definition', 11.86, '2020-12-23T16:11:08Z');
insert into MenuItem (Id, RestaurantId, Name, Description, Price, DateCreated) values ('324C9E4B-C4E2-43B1-B144-239455D559E6', '15AF9286-6DBD-4F19-95F2-6B37A75680DA', 'Arizona Threeawn', 'Open-source needs-based benchmark', 7.34, '2020-12-27T07:48:29Z');
insert into MenuItem (Id, RestaurantId, Name, Description, Price, DateCreated) values ('EC9F595F-7F55-4AD4-A14D-9D50C16C9EEB', '15AF9286-6DBD-4F19-95F2-6B37A75680DA', 'Tobacco', 'Customer-focused uniform moderator', 15.42, '2021-04-04T04:33:33Z');
insert into MenuItem (Id, RestaurantId, Name, Description, Price, DateCreated) values ('9A6C2526-0C37-47C7-866F-BEAFCB2140B8', '15AF9286-6DBD-4F19-95F2-6B37A75680DA', 'Beet', 'Expanded non-volatile approach', 20.63, '2020-09-04T13:15:09Z');
insert into MenuItem (Id, RestaurantId, Name, Description, Price, DateCreated) values ('9B82AADE-4226-46EB-B7AD-38CBAF9285E4', '15AF9286-6DBD-4F19-95F2-6B37A75680DA', 'Radford''s Balm', 'Front-line bi-directional open architecture', 19.25, '2021-06-04T21:59:26Z');
insert into MenuItem (Id, RestaurantId, Name, Description, Price, DateCreated) values ('E06DE6E2-1379-4239-AA01-755273E7E9D0', '15AF9286-6DBD-4F19-95F2-6B37A75680DA', 'Clifton''s Eremogone', 'Realigned object-oriented synergy', 25.95, '2021-05-03T01:01:12Z');
insert into MenuItem (Id, RestaurantId, Name, Description, Price, DateCreated) values ('543255F0-492E-44C8-B702-A19E730120C9', '15AF9286-6DBD-4F19-95F2-6B37A75680DA', 'Dot Lichen', 'Self-enabling exuding functionalities', 27.01, '2020-11-02T15:31:51Z');

insert into MenuItem (Id, RestaurantId, Name, Description, Price, DateCreated) values ('5397D42A-4104-4457-8067-F2131F704A6D', '48692D0C-938A-47FE-AF43-FC405B5CEDC3', 'Annona', 'Enterprise-wide impactful framework', 13.77, '2021-03-17T23:47:56Z');
insert into MenuItem (Id, RestaurantId, Name, Description, Price, DateCreated) values ('A71B37AF-930A-40CD-BBB3-5E1DB8A2036C', '48692D0C-938A-47FE-AF43-FC405B5CEDC3', 'Rim Lichen', 'Business-focused interactive contingency', 6.7, '2021-03-25T13:37:15Z');
insert into MenuItem (Id, RestaurantId, Name, Description, Price, DateCreated) values ('DC9BAB58-BF84-4987-9981-2E1B0A5B202A', '48692D0C-938A-47FE-AF43-FC405B5CEDC3', 'Polar Willow', 'Function-based 4th generation strategy', 11.73, '2021-03-05T10:15:55Z');
insert into MenuItem (Id, RestaurantId, Name, Description, Price, DateCreated) values ('4965FC2B-357D-4C66-B183-0C91D283431E', '48692D0C-938A-47FE-AF43-FC405B5CEDC3', 'Pygmy Bluehearts', 'Pre-emptive system-worthy core', 23.1, '2020-11-04T03:26:20Z');
insert into MenuItem (Id, RestaurantId, Name, Description, Price, DateCreated) values ('9336BC46-CF78-4807-9490-4DAEAD1EAEF2', '48692D0C-938A-47FE-AF43-FC405B5CEDC3', 'Adams'' Manzanita', 'Versatile optimizing time-frame', 8.4, '2021-05-20T08:23:57Z');
insert into MenuItem (Id, RestaurantId, Name, Description, Price, DateCreated) values ('438DD583-119F-49DA-99EE-8BF22EDF7E5E', '48692D0C-938A-47FE-AF43-FC405B5CEDC3', 'California Barrel Cactus', 'Diverse 24/7 circuit', 7.92, '2020-10-01T01:52:05Z');
insert into MenuItem (Id, RestaurantId, Name, Description, Price, DateCreated) values ('6D294DDF-D781-4FCD-BB19-50501CB6F089', '48692D0C-938A-47FE-AF43-FC405B5CEDC3', 'Saxen''s Sedge', 'Exclusive logistical strategy', 8.55, '2020-10-13T05:32:39Z');
insert into MenuItem (Id, RestaurantId, Name, Description, Price, DateCreated) values ('444D786C-1E31-4BFE-A5A4-E8BCFF761F09', '48692D0C-938A-47FE-AF43-FC405B5CEDC3', 'Candle Snuffer Moss', 'Customizable coherent data-warehouse', 10.11, '2021-06-22T06:36:30Z');
insert into MenuItem (Id, RestaurantId, Name, Description, Price, DateCreated) values ('AE03B6D2-EC8A-4F64-9A2D-4481B51159CF', '48692D0C-938A-47FE-AF43-FC405B5CEDC3', 'Hybrid Pine', 'Proactive neutral policy', 21.29, '2021-07-23T17:25:50Z');
insert into MenuItem (Id, RestaurantId, Name, Description, Price, DateCreated) values ('E5B31419-1268-4B27-ADEC-21F51377C6EC', '48692D0C-938A-47FE-AF43-FC405B5CEDC3', 'Grassland Pricklypear', 'Quality-focused coherent productivity', 23.65, '2020-11-03T15:19:48Z');

insert into MenuItem (Id, RestaurantId, Name, Description, Price, DateCreated) values ('D582F43E-03C2-46A6-A203-9B128343854A', '2CDB99AE-4E3C-42D8-AD9E-101676305D93', 'Graceful Peperomia', 'Organized impactful knowledge user', 13.23, '2020-09-14T17:11:37Z');
insert into MenuItem (Id, RestaurantId, Name, Description, Price, DateCreated) values ('201F5519-190C-4575-94F9-A3955A09D5FE', '2CDB99AE-4E3C-42D8-AD9E-101676305D93', 'Nipplewort', 'Decentralized discrete database', 15.44, '2021-05-31T17:23:59Z');
insert into MenuItem (Id, RestaurantId, Name, Description, Price, DateCreated) values ('B7088E78-0C97-4971-A7F7-3952E4CB47B0', '2CDB99AE-4E3C-42D8-AD9E-101676305D93', 'Mexican Mimosa', 'Balanced disintermediate toolset', 22.0, '2021-04-27T15:37:47Z');
insert into MenuItem (Id, RestaurantId, Name, Description, Price, DateCreated) values ('E5AF131E-654B-4F82-A908-DF8CA069DDB5', '2CDB99AE-4E3C-42D8-AD9E-101676305D93', 'Smooth Johnnyberry', 'Implemented needs-based challenge', 18.05, '2020-10-05T14:28:39Z');
insert into MenuItem (Id, RestaurantId, Name, Description, Price, DateCreated) values ('EF8569F1-638A-46A6-9615-2C47FBECB483', '2CDB99AE-4E3C-42D8-AD9E-101676305D93', '''aku ''aku', 'Ameliorated background adapter', 8.37, '2020-12-10T10:47:45Z');
insert into MenuItem (Id, RestaurantId, Name, Description, Price, DateCreated) values ('8145CD97-5971-4E38-8EAD-B41177474ED4', '2CDB99AE-4E3C-42D8-AD9E-101676305D93', 'Grooved Flax', 'Polarised cohesive capability', 8.98, '2020-09-21T00:01:06Z');
insert into MenuItem (Id, RestaurantId, Name, Description, Price, DateCreated) values ('318EBE48-0DA4-46B7-81C0-89DC3B2C8E3B', '2CDB99AE-4E3C-42D8-AD9E-101676305D93', 'Ashe''s Calamint', 'Implemented intangible capacity', 9.6, '2021-08-10T05:31:08Z');
insert into MenuItem (Id, RestaurantId, Name, Description, Price, DateCreated) values ('82F77540-4F1A-43A8-BE50-FBDB0926F56D', '2CDB99AE-4E3C-42D8-AD9E-101676305D93', 'Gray Bottlebrush', 'Expanded demand-driven service-desk', 13.44, '2021-02-24T16:21:10Z');
insert into MenuItem (Id, RestaurantId, Name, Description, Price, DateCreated) values ('5794841A-24F9-48A8-A09D-A0E5F52859C4', '2CDB99AE-4E3C-42D8-AD9E-101676305D93', 'Protoparmelia Lichen', 'Diverse intermediate hierarchy', 20.43, '2020-12-26T09:12:28Z');
insert into MenuItem (Id, RestaurantId, Name, Description, Price, DateCreated) values ('34DC8EA3-8A87-4167-8D44-301182B961D4', '2CDB99AE-4E3C-42D8-AD9E-101676305D93', 'Bulrush', 'Ergonomic coherent application', 12.73, '2020-08-26T08:07:50Z');
insert into MenuItem (Id, RestaurantId, Name, Description, Price, DateCreated) values ('346A4BF6-5DAF-436B-BE0A-BFABB24DE879', '2CDB99AE-4E3C-42D8-AD9E-101676305D93', 'Robert Geranium', 'Adaptive clear-thinking concept', 12.04, '2020-11-10T10:15:31Z');
insert into MenuItem (Id, RestaurantId, Name, Description, Price, DateCreated) values ('C93CA090-183C-4AD7-9122-9DD15A4008A1', '2CDB99AE-4E3C-42D8-AD9E-101676305D93', 'Kamchatka Aconite', 'Cross-group attitude-oriented time-frame', 4.6, '2021-05-10T12:32:36Z');
insert into MenuItem (Id, RestaurantId, Name, Description, Price, DateCreated) values ('585F22A7-21DE-44D6-9967-2B015A2CAEA2', '2CDB99AE-4E3C-42D8-AD9E-101676305D93', 'Beach Sensitive Pea', 'Organic needs-based secured line', 25.78, '2021-01-25T09:39:08Z');
insert into MenuItem (Id, RestaurantId, Name, Description, Price, DateCreated) values ('099C6AB2-4E00-48A7-B2FA-9816C5343141', '2CDB99AE-4E3C-42D8-AD9E-101676305D93', 'Yellowbeak Owl''s-clover', 'Adaptive local synergy', 13.48, '2021-07-08T22:43:11Z');
insert into MenuItem (Id, RestaurantId, Name, Description, Price, DateCreated) values ('390DC89E-83C3-43A8-94CA-B313A0CF93FE', '2CDB99AE-4E3C-42D8-AD9E-101676305D93', 'California Larkspur', 'Expanded solution-oriented artificial intelligence', 23.0, '2020-10-20T21:39:50Z');
insert into MenuItem (Id, RestaurantId, Name, Description, Price, DateCreated) values ('3B059EEC-3EA2-4D00-8A34-0616E644D2F1', '2CDB99AE-4E3C-42D8-AD9E-101676305D93', 'Soft Bird''s-beak', 'Operative maximized attitude', 18.79, '2021-06-03T01:11:58Z');
insert into MenuItem (Id, RestaurantId, Name, Description, Price, DateCreated) values ('E81872BB-9411-4E8E-83C1-AB3F14856CC4', '2CDB99AE-4E3C-42D8-AD9E-101676305D93', '''ekoko', 'Cloned grid-enabled benchmark', 19.12, '2020-12-09T12:58:37Z');
insert into MenuItem (Id, RestaurantId, Name, Description, Price, DateCreated) values ('BAB0A384-6ACF-42E7-A9B8-8C98A4F1B6B2', '2CDB99AE-4E3C-42D8-AD9E-101676305D93', 'Spikerush', 'Intuitive dedicated adapter', 11.68, '2021-07-07T07:41:04Z');

insert into MenuItem (Id, RestaurantId, Name, Description, Price, DateCreated) values ('4017E22E-CFC6-4938-99A2-6AF8C2055DEB', '8A8212C2-8841-4C1F-ABAE-A5EE67DEB84B', 'Orthotrichum Moss', 'Persistent static methodology', 19.73, '2020-09-02T19:47:32Z');
insert into MenuItem (Id, RestaurantId, Name, Description, Price, DateCreated) values ('9BF23E28-F4DC-486F-8CD8-1974325642E1', '8A8212C2-8841-4C1F-ABAE-A5EE67DEB84B', 'Glowing Nightshade', 'Fundamental multi-state forecast', 17.67, '2021-03-05T11:40:50Z');
insert into MenuItem (Id, RestaurantId, Name, Description, Price, DateCreated) values ('7C704E39-0B1A-4CFA-9B89-BC2E4CAEBF5D', '8A8212C2-8841-4C1F-ABAE-A5EE67DEB84B', 'Hayfield Tarweed', 'Cross-group 24/7 system engine', 19.71, '2020-08-24T21:27:54Z');
insert into MenuItem (Id, RestaurantId, Name, Description, Price, DateCreated) values ('2E30AB34-614B-4868-B5C4-CFE05F961FBC', '8A8212C2-8841-4C1F-ABAE-A5EE67DEB84B', 'Alpinia', 'Balanced systematic capability', 11.17, '2021-07-18T06:22:07Z');
insert into MenuItem (Id, RestaurantId, Name, Description, Price, DateCreated) values ('704B9710-7056-41B7-93CC-CBFF4E71F942', '8A8212C2-8841-4C1F-ABAE-A5EE67DEB84B', 'Glacier Avens', 'Re-contextualized national productivity', 12.26, '2021-01-09T22:52:23Z');
insert into MenuItem (Id, RestaurantId, Name, Description, Price, DateCreated) values ('D331DCC8-7DC5-40C7-B6A2-A0D6B69A3CB8', '8A8212C2-8841-4C1F-ABAE-A5EE67DEB84B', 'Polyblastia Lichen', 'Cross-group national open architecture', 3.81, '2020-11-17T02:17:53Z');
insert into MenuItem (Id, RestaurantId, Name, Description, Price, DateCreated) values ('150EE430-EFAA-4DC9-8B5C-B870DD3F0034', '8A8212C2-8841-4C1F-ABAE-A5EE67DEB84B', 'Willowleaf Meadowsweet', 'Optimized real-time forecast', 8.3, '2020-11-09T08:16:25Z');
insert into MenuItem (Id, RestaurantId, Name, Description, Price, DateCreated) values ('8D1C3BCC-19E6-403A-9ADB-A8B0B613E63D', '8A8212C2-8841-4C1F-ABAE-A5EE67DEB84B', 'Dames Rocket', 'Grass-roots eco-centric protocol', 12.99, '2021-07-09T18:46:58Z');
insert into MenuItem (Id, RestaurantId, Name, Description, Price, DateCreated) values ('6F3C0CC1-3B84-4884-A791-D35B1AD52ACD', '8A8212C2-8841-4C1F-ABAE-A5EE67DEB84B', 'Creeping Grovebur', 'Diverse bi-directional groupware', 23.69, '2021-06-25T08:45:25Z');
insert into MenuItem (Id, RestaurantId, Name, Description, Price, DateCreated) values ('B88175BF-9A56-4D3A-BE5E-03415982E798', '8A8212C2-8841-4C1F-ABAE-A5EE67DEB84B', 'Quillwort', 'Phased high-level definition', 7.16, '2020-11-20T17:18:57Z');
insert into MenuItem (Id, RestaurantId, Name, Description, Price, DateCreated) values ('646CE5A1-9791-47E3-A4CF-122A2D30FCE8', '8A8212C2-8841-4C1F-ABAE-A5EE67DEB84B', 'Scarlet Hawthorn', 'Ergonomic foreground open architecture', 28.79, '2020-10-11T10:39:44Z');
insert into MenuItem (Id, RestaurantId, Name, Description, Price, DateCreated) values ('133C6DAD-611F-4632-A710-DF2C9DCD2C73', '8A8212C2-8841-4C1F-ABAE-A5EE67DEB84B', 'Serpentine Tarweed', 'Cross-platform scalable protocol', 3.86, '2021-05-20T19:38:16Z');
insert into MenuItem (Id, RestaurantId, Name, Description, Price, DateCreated) values ('C1583127-2147-420E-B40A-B12C54787992', '8A8212C2-8841-4C1F-ABAE-A5EE67DEB84B', 'Aguinaldo Blanco', 'Stand-alone high-level hub', 18.32, '2021-06-21T01:05:50Z');
insert into MenuItem (Id, RestaurantId, Name, Description, Price, DateCreated) values ('79BFCBFD-2D23-40B3-8171-3309EB54B5A8', '8A8212C2-8841-4C1F-ABAE-A5EE67DEB84B', 'Macfadyena', 'User-centric contextually-based Graphical User Interface', 22.21, '2021-07-09T13:46:32Z');
insert into MenuItem (Id, RestaurantId, Name, Description, Price, DateCreated) values ('E0A34A06-662A-4DCB-955F-F50A2445F6E1', '8A8212C2-8841-4C1F-ABAE-A5EE67DEB84B', 'Banana Passionflower', 'Customer-focused 5th generation artificial intelligence', 25.11, '2021-04-08T11:52:52Z');
insert into MenuItem (Id, RestaurantId, Name, Description, Price, DateCreated) values ('9FBC920E-412B-4B67-AFD8-CC27CC68A7C5', '8A8212C2-8841-4C1F-ABAE-A5EE67DEB84B', 'Inga', 'Ameliorated empowering local area network', 26.88, '2021-08-03T17:18:52Z');
insert into MenuItem (Id, RestaurantId, Name, Description, Price, DateCreated) values ('565360D9-2178-46F9-B84E-B60542C43B95', '8A8212C2-8841-4C1F-ABAE-A5EE67DEB84B', 'Yellow Fairybells', 'Programmable global product', 6.57, '2021-01-09T17:56:24Z');
insert into MenuItem (Id, RestaurantId, Name, Description, Price, DateCreated) values ('87D2747D-714D-44B3-9BA1-BF174D845A9D', '8A8212C2-8841-4C1F-ABAE-A5EE67DEB84B', 'Spiral Ditchgrass', 'Upgradable eco-centric access', 3.69, '2020-11-23T08:12:40Z');
insert into MenuItem (Id, RestaurantId, Name, Description, Price, DateCreated) values ('B19AB313-3101-4718-9232-4E749C77D3B3', '8A8212C2-8841-4C1F-ABAE-A5EE67DEB84B', 'Violet Wild Petunia', 'Universal web-enabled attitude', 17.01, '2021-05-09T13:37:56Z');
insert into MenuItem (Id, RestaurantId, Name, Description, Price, DateCreated) values ('774C30B7-CFE1-4E81-A71F-7F843613E836', '8A8212C2-8841-4C1F-ABAE-A5EE67DEB84B', 'Silveus'' Grass', 'Focused impactful algorithm', 6.65, '2020-12-02T20:23:43Z');
insert into MenuItem (Id, RestaurantId, Name, Description, Price, DateCreated) values ('6609F99B-89BC-4BDE-B933-EA358A2F5C63', '8A8212C2-8841-4C1F-ABAE-A5EE67DEB84B', 'Mackenzie River Yellowcress', 'De-engineered needs-based approach', 8.91, '2021-02-04T12:37:02Z');
insert into MenuItem (Id, RestaurantId, Name, Description, Price, DateCreated) values ('274CD039-1464-4258-A288-6C94AF83141F', '8A8212C2-8841-4C1F-ABAE-A5EE67DEB84B', 'Egg Milkvetch', 'Up-sized mission-critical installation', 21.97, '2021-04-14T02:18:42Z');
insert into MenuItem (Id, RestaurantId, Name, Description, Price, DateCreated) values ('B9792737-5AB8-4D99-A503-0B7127793468', '8A8212C2-8841-4C1F-ABAE-A5EE67DEB84B', 'Stewart''s Gilia', 'Triple-buffered non-volatile orchestration', 14.14, '2021-04-14T01:31:19Z');
insert into MenuItem (Id, RestaurantId, Name, Description, Price, DateCreated) values ('F1B2CA21-F05A-482B-9B2F-67BAD0F4C066', '8A8212C2-8841-4C1F-ABAE-A5EE67DEB84B', 'Candlebark', 'Function-based interactive benchmark', 17.44, '2021-08-01T21:04:09Z');
insert into MenuItem (Id, RestaurantId, Name, Description, Price, DateCreated) values ('B9F05229-7F9E-42E5-8D49-F1B305040FD4', '8A8212C2-8841-4C1F-ABAE-A5EE67DEB84B', 'Columnea', 'Visionary didactic orchestration', 23.77, '2021-02-16T13:31:27Z');
insert into MenuItem (Id, RestaurantId, Name, Description, Price, DateCreated) values ('FF523804-676C-4DC1-94AB-73672206A772', '8A8212C2-8841-4C1F-ABAE-A5EE67DEB84B', 'American White Waterlily', 'Balanced contextually-based budgetary management', 22.54, '2021-01-12T21:10:06Z');
insert into MenuItem (Id, RestaurantId, Name, Description, Price, DateCreated) values ('006EE95C-2775-4614-BC78-E23EB0020BFF', '8A8212C2-8841-4C1F-ABAE-A5EE67DEB84B', 'Pondweed', 'Multi-tiered static algorithm', 4.81, '2021-08-08T11:28:02Z');
insert into MenuItem (Id, RestaurantId, Name, Description, Price, DateCreated) values ('4CD3BA55-759E-46CA-837D-ECEF63B8E937', '8A8212C2-8841-4C1F-ABAE-A5EE67DEB84B', 'Comfortroot', 'Grass-roots scalable local area network', 13.93, '2021-06-01T09:54:12Z');
insert into MenuItem (Id, RestaurantId, Name, Description, Price, DateCreated) values ('369F459F-276D-4F0C-8F87-C8992A968A4A', '8A8212C2-8841-4C1F-ABAE-A5EE67DEB84B', 'Moxley''s Dry Rock Moss', 'Synergized national open architecture', 27.44, '2020-09-30T09:25:06Z');
insert into MenuItem (Id, RestaurantId, Name, Description, Price, DateCreated) values ('CBC76E66-8473-4DD6-80AD-0A4642C2179B', '8A8212C2-8841-4C1F-ABAE-A5EE67DEB84B', 'Dixie Ticktrefoil', 'Assimilated local middleware', 15.3, '2021-07-02T02:06:53Z');
insert into MenuItem (Id, RestaurantId, Name, Description, Price, DateCreated) values ('15BF9ADC-EBC3-43B0-8346-95B00F1405B5', '8A8212C2-8841-4C1F-ABAE-A5EE67DEB84B', 'Honewort', 'Reactive regional complexity', 3.45, '2020-10-17T21:35:20Z');
insert into MenuItem (Id, RestaurantId, Name, Description, Price, DateCreated) values ('B0EB3386-79AA-4764-A9BB-A67B815D36F1', '8A8212C2-8841-4C1F-ABAE-A5EE67DEB84B', 'Antitrichia Moss', 'Sharable dynamic Graphical User Interface', 3.31, '2021-02-07T09:03:18Z');
insert into MenuItem (Id, RestaurantId, Name, Description, Price, DateCreated) values ('C010EF8B-0133-42ED-8C37-073CD6AC8C9B', '8A8212C2-8841-4C1F-ABAE-A5EE67DEB84B', 'Dot Lichen', 'Cloned intermediate knowledge base', 5.18, '2021-03-18T17:52:25Z');
insert into MenuItem (Id, RestaurantId, Name, Description, Price, DateCreated) values ('A15895D3-A4D7-4A5F-AAFF-1239D2D1CB90', '8A8212C2-8841-4C1F-ABAE-A5EE67DEB84B', 'Silky Jackbean', 'Virtual executive product', 17.28, '2021-04-10T09:55:30Z');
insert into MenuItem (Id, RestaurantId, Name, Description, Price, DateCreated) values ('B97314C5-3BA1-4A10-9254-00AB54889156', '8A8212C2-8841-4C1F-ABAE-A5EE67DEB84B', 'Yelloweyes', 'Down-sized full-range website', 16.85, '2021-05-02T19:42:07Z');
insert into MenuItem (Id, RestaurantId, Name, Description, Price, DateCreated) values ('0B7D3A1D-34DE-442B-AF76-0CD2B0AFE218', '8A8212C2-8841-4C1F-ABAE-A5EE67DEB84B', 'Tropical Whitetop', 'Digitized actuating secured line', 5.78, '2021-03-23T08:28:36Z');
insert into MenuItem (Id, RestaurantId, Name, Description, Price, DateCreated) values ('7C995D0D-8519-423E-AD6F-5E76C15C851D', '8A8212C2-8841-4C1F-ABAE-A5EE67DEB84B', 'Sedge', 'Function-based 3rd generation moderator', 15.03, '2020-11-01T20:24:32Z');
insert into MenuItem (Id, RestaurantId, Name, Description, Price, DateCreated) values ('65E1DEC5-F9B5-4B34-8B94-2C3A23012075', '8A8212C2-8841-4C1F-ABAE-A5EE67DEB84B', 'Largeleaf Brunnera', 'Future-proofed hybrid circuit', 20.71, '2021-02-14T01:23:36Z');
insert into MenuItem (Id, RestaurantId, Name, Description, Price, DateCreated) values ('942E2C24-376A-47C1-8D81-DBB653C55933', '8A8212C2-8841-4C1F-ABAE-A5EE67DEB84B', 'Forked Bluecurls', 'Enhanced local approach', 29.93, '2021-07-25T19:41:17Z');
insert into MenuItem (Id, RestaurantId, Name, Description, Price, DateCreated) values ('69F5EF83-874B-4E34-9C6D-DDBB5E3C8476', '8A8212C2-8841-4C1F-ABAE-A5EE67DEB84B', 'False Coffee', 'Digitized coherent application', 10.78, '2021-01-31T10:44:45Z');
insert into MenuItem (Id, RestaurantId, Name, Description, Price, DateCreated) values ('270F5252-8EAF-42EE-AA03-AAADCC0D527C', '8A8212C2-8841-4C1F-ABAE-A5EE67DEB84B', 'Yunnan Luculia', 'Phased secondary projection', 13.56, '2021-08-10T04:09:38Z');
insert into MenuItem (Id, RestaurantId, Name, Description, Price, DateCreated) values ('F4739D6B-6ED2-41C2-A463-022A1548B0CD', '8A8212C2-8841-4C1F-ABAE-A5EE67DEB84B', 'Jelly Lichen', 'Reduced web-enabled project', 6.16, '2021-07-31T18:45:37Z');
insert into MenuItem (Id, RestaurantId, Name, Description, Price, DateCreated) values ('CADC57CB-DFC0-439A-AB0A-3797449FFC9A', '8A8212C2-8841-4C1F-ABAE-A5EE67DEB84B', 'Tundra Aster', 'Synergistic regional algorithm', 8.45, '2021-05-04T16:26:34Z');
insert into MenuItem (Id, RestaurantId, Name, Description, Price, DateCreated) values ('4D31E5FF-2583-42AB-9A38-E3AED1D51138', '8A8212C2-8841-4C1F-ABAE-A5EE67DEB84B', 'Coastal Bluff Bentgrass', 'Polarised 24/7 paradigm', 3.51, '2021-06-02T03:45:20Z');
insert into MenuItem (Id, RestaurantId, Name, Description, Price, DateCreated) values ('A4A4A17C-A38A-461D-A2EB-3FAD2B1C15D7', '8A8212C2-8841-4C1F-ABAE-A5EE67DEB84B', 'False Yucca', 'Object-based discrete matrix', 8.72, '2021-07-06T18:21:54Z');
insert into MenuItem (Id, RestaurantId, Name, Description, Price, DateCreated) values ('5EBC2C58-A09D-4E1C-AF5D-9F4A20F332A3', '8A8212C2-8841-4C1F-ABAE-A5EE67DEB84B', 'Kilauea Mauna Cyanea', 'Horizontal human-resource toolset', 24.14, '2021-02-10T21:02:20Z');
insert into MenuItem (Id, RestaurantId, Name, Description, Price, DateCreated) values ('7B71568A-3EAC-4DAC-908B-189739A83998', '8A8212C2-8841-4C1F-ABAE-A5EE67DEB84B', 'Sage', 'Upgradable responsive database', 15.62, '2021-05-03T02:11:05Z');
insert into MenuItem (Id, RestaurantId, Name, Description, Price, DateCreated) values ('D5188666-A321-4ECA-8F91-30BBB32AEE88', '8A8212C2-8841-4C1F-ABAE-A5EE67DEB84B', 'Purple False Gilyflower', 'Synergistic neutral methodology', 19.67, '2020-11-03T15:37:31Z');
insert into MenuItem (Id, RestaurantId, Name, Description, Price, DateCreated) values ('9CB01207-DD36-472F-A905-B4B9E1490E67', '8A8212C2-8841-4C1F-ABAE-A5EE67DEB84B', 'Barren Willow', 'Distributed bi-directional matrix', 17.12, '2020-08-15T01:07:32Z');
insert into MenuItem (Id, RestaurantId, Name, Description, Price, DateCreated) values ('E70A0FEA-18EF-4BAA-807E-C00EA86CD1A8', '8A8212C2-8841-4C1F-ABAE-A5EE67DEB84B', 'Alpine Lady''s Mantle', 'Digitized heuristic intranet', 26.25, '2020-11-04T16:12:39Z');
insert into MenuItem (Id, RestaurantId, Name, Description, Price, DateCreated) values ('D75965FD-8EDA-4230-B54B-125C7C3C1596', '8A8212C2-8841-4C1F-ABAE-A5EE67DEB84B', 'Wahine Noho Kula', 'Virtual disintermediate hardware', 14.84, '2020-09-20T15:11:34Z');
insert into MenuItem (Id, RestaurantId, Name, Description, Price, DateCreated) values ('D7ED4FB5-942F-4456-8D1C-E3C1A5B88AD6', '8A8212C2-8841-4C1F-ABAE-A5EE67DEB84B', 'Japanese Wisteria', 'Realigned content-based software', 25.34, '2020-12-08T02:52:25Z');
insert into MenuItem (Id, RestaurantId, Name, Description, Price, DateCreated) values ('427C1403-FEE8-443E-81DD-F564F13EB35C', '8A8212C2-8841-4C1F-ABAE-A5EE67DEB84B', 'Kenya Bur Grass', 'Configurable scalable encoding', 17.34, '2020-11-27T00:38:37Z');
insert into MenuItem (Id, RestaurantId, Name, Description, Price, DateCreated) values ('2DE246BD-F63F-42CE-9541-11A92F221F62', '8A8212C2-8841-4C1F-ABAE-A5EE67DEB84B', 'Sticky Blue Eyed Mary', 'Open-source interactive synergy', 5.91, '2021-04-23T04:08:26Z');
insert into MenuItem (Id, RestaurantId, Name, Description, Price, DateCreated) values ('66E30B2B-7F2F-432C-950F-76E526482940', '8A8212C2-8841-4C1F-ABAE-A5EE67DEB84B', 'Moore''s Brake', 'Sharable intermediate model', 26.49, '2021-03-19T23:55:40Z');
insert into MenuItem (Id, RestaurantId, Name, Description, Price, DateCreated) values ('E9818AD0-48D9-4C75-8E01-B74925F69DC8', '8A8212C2-8841-4C1F-ABAE-A5EE67DEB84B', 'Kaala Rockwort', 'Face to face interactive definition', 11.68, '2021-02-17T02:22:23Z');
insert into MenuItem (Id, RestaurantId, Name, Description, Price, DateCreated) values ('F2E08EA4-D5DF-44D6-A9AC-7ECD9B108F07', '8A8212C2-8841-4C1F-ABAE-A5EE67DEB84B', 'Pinewoods Horkelia', 'Profit-focused user-facing challenge', 14.34, '2021-02-20T16:04:23Z');
insert into MenuItem (Id, RestaurantId, Name, Description, Price, DateCreated) values ('D215DD65-0171-4CF1-9894-60BB95D992FB', '8A8212C2-8841-4C1F-ABAE-A5EE67DEB84B', 'California Brome', 'Customer-focused full-range focus group', 9.64, '2020-09-02T23:37:34Z');
insert into MenuItem (Id, RestaurantId, Name, Description, Price, DateCreated) values ('1F06244E-8E48-4E69-A38B-BE370D2EC05E', '8A8212C2-8841-4C1F-ABAE-A5EE67DEB84B', 'Coca', 'Cross-group zero defect algorithm', 7.56, '2020-12-10T06:14:19Z');
insert into MenuItem (Id, RestaurantId, Name, Description, Price, DateCreated) values ('D3F10302-8F55-402A-9A33-5D909E8BFDF5', '8A8212C2-8841-4C1F-ABAE-A5EE67DEB84B', 'Keyflower', 'Sharable homogeneous moratorium', 9.68, '2020-10-27T15:57:44Z');
insert into MenuItem (Id, RestaurantId, Name, Description, Price, DateCreated) values ('C5F90DB7-A6CD-4DA4-ADE9-0AF47359542B', '8A8212C2-8841-4C1F-ABAE-A5EE67DEB84B', 'Manyspore Rinodina Lichen', 'Programmable fault-tolerant info-mediaries', 13.69, '2021-03-04T12:42:53Z');
insert into MenuItem (Id, RestaurantId, Name, Description, Price, DateCreated) values ('672CBEE3-A210-4902-A84F-4FEFD339E5C6', '8A8212C2-8841-4C1F-ABAE-A5EE67DEB84B', 'Skunkbush', 'Centralized bifurcated architecture', 19.47, '2021-07-16T06:18:18Z');
insert into MenuItem (Id, RestaurantId, Name, Description, Price, DateCreated) values ('E5DA2145-BB5A-492B-B252-04CB8D9BD889', '8A8212C2-8841-4C1F-ABAE-A5EE67DEB84B', 'Broom', 'Front-line 3rd generation approach', 27.96, '2021-03-09T18:04:36Z');
insert into MenuItem (Id, RestaurantId, Name, Description, Price, DateCreated) values ('7CE915E6-3A69-4B98-A6CF-6C1B72A28524', '8A8212C2-8841-4C1F-ABAE-A5EE67DEB84B', 'Plantainleaf Buttercup', 'Multi-layered stable complexity', 13.83, '2021-06-04T23:03:22Z');
insert into MenuItem (Id, RestaurantId, Name, Description, Price, DateCreated) values ('06503AA7-25FD-4205-8840-8C8A481C873D', '8A8212C2-8841-4C1F-ABAE-A5EE67DEB84B', 'Media Sandspurry', 'Streamlined non-volatile toolset', 19.13, '2021-04-13T19:59:11Z');
insert into MenuItem (Id, RestaurantId, Name, Description, Price, DateCreated) values ('ADDA8966-D75E-4139-A99C-980E3F0DC979', '8A8212C2-8841-4C1F-ABAE-A5EE67DEB84B', 'The Cedars Manzanita', 'Profit-focused regional parallelism', 21.92, '2020-08-26T10:09:52Z');
insert into MenuItem (Id, RestaurantId, Name, Description, Price, DateCreated) values ('52E4773A-4D41-4578-960E-18782FC14599', '8A8212C2-8841-4C1F-ABAE-A5EE67DEB84B', 'California Winged Rockcress', 'Distributed zero administration database', 21.04, '2021-06-20T08:45:40Z');
insert into MenuItem (Id, RestaurantId, Name, Description, Price, DateCreated) values ('F4EBBA31-5C26-4D7B-B096-3977418653AC', '8A8212C2-8841-4C1F-ABAE-A5EE67DEB84B', 'Ledingham''s False Dragonhead', 'Operative modular model', 14.37, '2020-10-26T19:28:36Z');
insert into MenuItem (Id, RestaurantId, Name, Description, Price, DateCreated) values ('2EF57B8F-DA78-4FA8-BFE2-261495423B88', '8A8212C2-8841-4C1F-ABAE-A5EE67DEB84B', 'European Cranberrybush', 'Enhanced object-oriented installation', 20.7, '2021-02-15T03:36:50Z');
insert into MenuItem (Id, RestaurantId, Name, Description, Price, DateCreated) values ('AE1C8F2E-EB82-461E-AF1D-B47DCF1F7721', '8A8212C2-8841-4C1F-ABAE-A5EE67DEB84B', 'Smallflower Swallow-wort', 'Future-proofed tertiary moderator', 24.19, '2021-07-25T00:18:12Z');
insert into MenuItem (Id, RestaurantId, Name, Description, Price, DateCreated) values ('57CF1ACF-C41D-47F3-B8CC-BC801068A415', '8A8212C2-8841-4C1F-ABAE-A5EE67DEB84B', 'San Gabriel Beardtongue', 'Adaptive motivating paradigm', 17.71, '2021-07-01T19:19:21Z');
insert into MenuItem (Id, RestaurantId, Name, Description, Price, DateCreated) values ('9BA59B4E-200F-4632-964C-9F9F9686A527', '8A8212C2-8841-4C1F-ABAE-A5EE67DEB84B', 'Emory''s Baccharis', 'Right-sized maximized application', 22.2, '2021-04-15T04:14:19Z');
insert into MenuItem (Id, RestaurantId, Name, Description, Price, DateCreated) values ('9ADF864A-BE5D-4EED-9CA9-55971CE442CE', '8A8212C2-8841-4C1F-ABAE-A5EE67DEB84B', 'Arctoparmelia Lichen', 'Enterprise-wide human-resource artificial intelligence', 26.52, '2020-11-02T00:22:01Z');
insert into MenuItem (Id, RestaurantId, Name, Description, Price, DateCreated) values ('D86F7840-CB79-436E-9728-9593D91DBAA1', '8A8212C2-8841-4C1F-ABAE-A5EE67DEB84B', 'Disc Lichen', 'Inverse demand-driven benchmark', 23.51, '2021-03-03T10:00:47Z');
insert into MenuItem (Id, RestaurantId, Name, Description, Price, DateCreated) values ('DB929BA7-46E1-4980-8841-843E7505E250', '8A8212C2-8841-4C1F-ABAE-A5EE67DEB84B', 'Scholander''s Navel Lichen', 'Virtual bifurcated throughput', 24.44, '2021-06-01T11:43:34Z');
insert into MenuItem (Id, RestaurantId, Name, Description, Price, DateCreated) values ('EE29F23E-073F-44DC-99E3-598E91F5C6F4', '8A8212C2-8841-4C1F-ABAE-A5EE67DEB84B', 'Lemington Hawthorn', 'Fundamental stable infrastructure', 27.15, '2020-12-28T05:34:19Z');
insert into MenuItem (Id, RestaurantId, Name, Description, Price, DateCreated) values ('14E1AAB4-AC6F-435E-AE5B-D9FAABA4E783', '8A8212C2-8841-4C1F-ABAE-A5EE67DEB84B', 'Star Sedge', 'Networked system-worthy customer loyalty', 9.96, '2020-09-27T21:55:14Z');
insert into MenuItem (Id, RestaurantId, Name, Description, Price, DateCreated) values ('AF59F6A5-8F2C-4175-9F05-89A9A2E6E8EA', '8A8212C2-8841-4C1F-ABAE-A5EE67DEB84B', 'Land Grass', 'Managed optimizing emulation', 27.87, '2021-04-23T00:41:29Z');
insert into MenuItem (Id, RestaurantId, Name, Description, Price, DateCreated) values ('BEF71585-2EE4-4D0E-B8DF-AB11E5D69EAF', '8A8212C2-8841-4C1F-ABAE-A5EE67DEB84B', 'Microcitrus', 'Phased needs-based projection', 19.0, '2021-01-09T11:01:15Z');
insert into MenuItem (Id, RestaurantId, Name, Description, Price, DateCreated) values ('CA2F7F31-3661-4B59-820B-E982678E6BDC', '8A8212C2-8841-4C1F-ABAE-A5EE67DEB84B', 'Largeseed Bittercress', 'Synchronised tangible superstructure', 14.83, '2020-09-18T04:08:43Z');
insert into MenuItem (Id, RestaurantId, Name, Description, Price, DateCreated) values ('792B458C-5A9E-42E8-B689-37B3688C922B', '8A8212C2-8841-4C1F-ABAE-A5EE67DEB84B', 'Mountain Guava', 'Inverse methodical task-force', 5.04, '2021-06-19T17:27:02Z');
insert into MenuItem (Id, RestaurantId, Name, Description, Price, DateCreated) values ('BF7B0D81-8366-4E9D-9C3A-67249ACE0287', '8A8212C2-8841-4C1F-ABAE-A5EE67DEB84B', 'Purpleflower Blacksnakeroot', 'Synergized stable approach', 10.55, '2021-01-06T10:03:53Z');
insert into MenuItem (Id, RestaurantId, Name, Description, Price, DateCreated) values ('F9AAE6DD-245B-41D4-AE90-D60BA23A22F5', '8A8212C2-8841-4C1F-ABAE-A5EE67DEB84B', 'Texas Selenia', 'Operative well-modulated benchmark', 11.89, '2021-07-23T04:20:17Z');
insert into MenuItem (Id, RestaurantId, Name, Description, Price, DateCreated) values ('FA04E8B2-E095-4113-8412-A961E2F3F7E5', '8A8212C2-8841-4C1F-ABAE-A5EE67DEB84B', 'Waterlily', 'Horizontal zero defect emulation', 9.16, '2021-07-31T22:45:54Z');
insert into MenuItem (Id, RestaurantId, Name, Description, Price, DateCreated) values ('B43B99C6-48FF-4776-BB30-4986E98D06DC', '8A8212C2-8841-4C1F-ABAE-A5EE67DEB84B', 'Wild Plantain', 'Visionary systematic architecture', 20.12, '2020-11-08T02:35:03Z');
insert into MenuItem (Id, RestaurantId, Name, Description, Price, DateCreated) values ('420B2933-3229-4AFD-9E93-E852723E20D3', '8A8212C2-8841-4C1F-ABAE-A5EE67DEB84B', 'Santa Lucia Manzanita', 'Future-proofed grid-enabled application', 6.13, '2020-08-31T13:04:27Z');
insert into MenuItem (Id, RestaurantId, Name, Description, Price, DateCreated) values ('CE6AD144-2A7B-4797-8F01-B0080E27FAD3', '8A8212C2-8841-4C1F-ABAE-A5EE67DEB84B', 'Short-hair Cottongrass', 'Reverse-engineered intermediate portal', 9.28, '2020-11-01T09:10:00Z');
insert into MenuItem (Id, RestaurantId, Name, Description, Price, DateCreated) values ('24B50F82-7860-488B-A9F7-61EFE0CB51D5', '8A8212C2-8841-4C1F-ABAE-A5EE67DEB84B', 'Wreath Lichen', 'Networked object-oriented utilisation', 22.83, '2020-10-11T01:47:43Z');
insert into MenuItem (Id, RestaurantId, Name, Description, Price, DateCreated) values ('706940BE-ADBE-47CA-B920-FA7C195892CB', '8A8212C2-8841-4C1F-ABAE-A5EE67DEB84B', 'Coastal Galenia', 'Open-architected empowering strategy', 14.26, '2020-10-09T21:50:42Z');
insert into MenuItem (Id, RestaurantId, Name, Description, Price, DateCreated) values ('388D8905-E6E2-4D13-AE79-001AF9FEA3C0', '8A8212C2-8841-4C1F-ABAE-A5EE67DEB84B', 'Snowdrop', 'Optimized holistic adapter', 24.94, '2021-04-16T00:10:16Z');
insert into MenuItem (Id, RestaurantId, Name, Description, Price, DateCreated) values ('55134570-D3FF-44E4-A36D-F22110016BF8', '8A8212C2-8841-4C1F-ABAE-A5EE67DEB84B', 'Terlingua Creek Cryptantha', 'Organized radical application', 16.66, '2021-03-18T08:15:16Z');
insert into MenuItem (Id, RestaurantId, Name, Description, Price, DateCreated) values ('80EB3059-BC65-42D0-973F-C296A6BDD825', '8A8212C2-8841-4C1F-ABAE-A5EE67DEB84B', 'Indian Mallow', 'Realigned systemic access', 20.2, '2021-08-11T19:43:13Z');
insert into MenuItem (Id, RestaurantId, Name, Description, Price, DateCreated) values ('106AC481-6EC4-4610-9EAE-642F26AE07AD', '8A8212C2-8841-4C1F-ABAE-A5EE67DEB84B', 'Broad-leaf Sweetleaf', 'Assimilated object-oriented extranet', 16.66, '2020-11-18T00:03:52Z');
insert into MenuItem (Id, RestaurantId, Name, Description, Price, DateCreated) values ('B146CE53-3875-482E-BD70-577E1BAF2B0E', '8A8212C2-8841-4C1F-ABAE-A5EE67DEB84B', 'Dropwort', 'Self-enabling encompassing pricing structure', 22.69, '2021-07-18T04:10:15Z');
insert into MenuItem (Id, RestaurantId, Name, Description, Price, DateCreated) values ('41618B49-AE36-4BEC-8948-9AD848270054', '8A8212C2-8841-4C1F-ABAE-A5EE67DEB84B', 'Phaeographis', 'Realigned explicit budgetary management', 26.53, '2021-04-18T02:53:32Z');
insert into MenuItem (Id, RestaurantId, Name, Description, Price, DateCreated) values ('0B31EEB0-EC6B-4121-9F6A-6D7758A23634', '8A8212C2-8841-4C1F-ABAE-A5EE67DEB84B', 'Florida Fishpoison Tree', 'Grass-roots system-worthy encryption', 22.64, '2021-01-23T03:16:27Z');
insert into MenuItem (Id, RestaurantId, Name, Description, Price, DateCreated) values ('4ED11C28-0777-4666-AECF-FE018FCCF3F9', '8A8212C2-8841-4C1F-ABAE-A5EE67DEB84B', 'Ashleaf Goldenbanner', 'Organic global capability', 2.82, '2020-10-21T22:22:24Z');
insert into MenuItem (Id, RestaurantId, Name, Description, Price, DateCreated) values ('80E61442-40C6-49FA-ADB6-ED13CBB0A89E', '8A8212C2-8841-4C1F-ABAE-A5EE67DEB84B', 'Featherleaf Kittentails', 'Enhanced empowering migration', 8.71, '2020-08-20T15:04:23Z');
insert into MenuItem (Id, RestaurantId, Name, Description, Price, DateCreated) values ('33FD300A-8889-4AEC-8999-D8C961BCF735', '8A8212C2-8841-4C1F-ABAE-A5EE67DEB84B', 'Bolander''s Onion', 'Organized asynchronous project', 10.95, '2020-11-17T17:52:08Z');
insert into MenuItem (Id, RestaurantId, Name, Description, Price, DateCreated) values ('629E32FA-DD70-4502-8677-F49CB19E62B5', '8A8212C2-8841-4C1F-ABAE-A5EE67DEB84B', 'Broadleaf Lupine', 'Virtual analyzing process improvement', 23.18, '2020-11-21T16:41:23Z');
insert into MenuItem (Id, RestaurantId, Name, Description, Price, DateCreated) values ('72719EE9-9118-47BB-946E-097A39E6C6C2', '8A8212C2-8841-4C1F-ABAE-A5EE67DEB84B', 'Speerschneidera Lichen', 'Horizontal next generation superstructure', 18.03, '2020-10-20T01:52:22Z');
insert into MenuItem (Id, RestaurantId, Name, Description, Price, DateCreated) values ('5BFD6836-06EC-44D0-AF31-8F03C6DA0B63', '8A8212C2-8841-4C1F-ABAE-A5EE67DEB84B', 'Dot Lichen', 'Balanced fault-tolerant firmware', 29.16, '2021-02-14T18:29:49Z');
insert into MenuItem (Id, RestaurantId, Name, Description, Price, DateCreated) values ('B42B5083-1286-4DDD-B15D-E541742BCA34', '8A8212C2-8841-4C1F-ABAE-A5EE67DEB84B', 'Dwarf Stickpea', 'Pre-emptive multi-tasking superstructure', 10.9, '2021-02-26T08:10:18Z');
insert into MenuItem (Id, RestaurantId, Name, Description, Price, DateCreated) values ('6042A9D0-F84D-4CB5-A974-59A6C35E363E', '8A8212C2-8841-4C1F-ABAE-A5EE67DEB84B', 'West Indian Vanilla', 'Synergized asymmetric pricing structure', 3.98, '2021-01-13T18:13:17Z');
insert into MenuItem (Id, RestaurantId, Name, Description, Price, DateCreated) values ('A40E4989-2BA4-46E3-8723-55F311D76E96', '8A8212C2-8841-4C1F-ABAE-A5EE67DEB84B', 'Lemhi Halimolobos', 'Organized logistical capacity', 16.85, '2020-08-29T06:41:58Z');
insert into MenuItem (Id, RestaurantId, Name, Description, Price, DateCreated) values ('3873A91C-DBA7-4187-B84B-A0FCA47508E4', '8A8212C2-8841-4C1F-ABAE-A5EE67DEB84B', 'Rush Pussytoes', 'Assimilated object-oriented matrices', 26.39, '2021-01-28T15:29:08Z');
insert into MenuItem (Id, RestaurantId, Name, Description, Price, DateCreated) values ('E6766BC1-EC7E-4E5E-88F8-76EBCCC4D934', '8A8212C2-8841-4C1F-ABAE-A5EE67DEB84B', 'Guadalupe Wild Coffee', 'Centralized optimal complexity', 27.14, '2020-08-20T16:04:01Z');
insert into MenuItem (Id, RestaurantId, Name, Description, Price, DateCreated) values ('2E95EC21-A744-4925-8063-B275990ABE8E', '8A8212C2-8841-4C1F-ABAE-A5EE67DEB84B', 'Nottoway Valley Brome', 'Down-sized holistic forecast', 27.63, '2021-02-24T06:28:01Z');
insert into MenuItem (Id, RestaurantId, Name, Description, Price, DateCreated) values ('AC3FDE6D-867B-4D66-A39E-A9F0FFD75C58', '8A8212C2-8841-4C1F-ABAE-A5EE67DEB84B', 'Palustriella Moss', 'Open-source next generation analyzer', 26.94, '2021-04-16T04:18:12Z');
insert into MenuItem (Id, RestaurantId, Name, Description, Price, DateCreated) values ('06A2927D-AC60-4F91-AF8F-61B0FEDE4DF2', '8A8212C2-8841-4C1F-ABAE-A5EE67DEB84B', 'Squareflower', 'Down-sized global functionalities', 28.75, '2020-09-19T11:53:06Z');
insert into MenuItem (Id, RestaurantId, Name, Description, Price, DateCreated) values ('085C8053-6AC1-4E7E-AF35-11C330F63015', '8A8212C2-8841-4C1F-ABAE-A5EE67DEB84B', 'Santa Cruz Island Liveforever', 'Ergonomic disintermediate paradigm', 14.3, '2020-11-21T18:07:26Z');
insert into MenuItem (Id, RestaurantId, Name, Description, Price, DateCreated) values ('2D95F496-DBBA-44E1-80D6-0A6077BAEB81', '8A8212C2-8841-4C1F-ABAE-A5EE67DEB84B', 'Golden Gladecress', 'Seamless coherent success', 4.34, '2021-01-03T22:15:16Z');
insert into MenuItem (Id, RestaurantId, Name, Description, Price, DateCreated) values ('4E86C02B-BAC5-474F-876B-533BB9C4F44C', '8A8212C2-8841-4C1F-ABAE-A5EE67DEB84B', 'King Bladderpod', 'Implemented context-sensitive approach', 17.64, '2021-06-11T00:18:09Z');
insert into MenuItem (Id, RestaurantId, Name, Description, Price, DateCreated) values ('9A65360B-8D83-4248-962B-4F089ABF0DE2', '8A8212C2-8841-4C1F-ABAE-A5EE67DEB84B', 'Sicklepod Rockcress', 'Adaptive eco-centric encoding', 23.17, '2020-10-17T07:39:39Z');
insert into MenuItem (Id, RestaurantId, Name, Description, Price, DateCreated) values ('1069EE84-E06F-4C6E-A897-3DE0653F6749', '8A8212C2-8841-4C1F-ABAE-A5EE67DEB84B', 'Southern Quillwort', 'Multi-channelled full-range definition', 28.64, '2021-05-31T12:14:03Z');
insert into MenuItem (Id, RestaurantId, Name, Description, Price, DateCreated) values ('8D4C5ABD-BD97-4970-A38A-5DD5AC472D48', '8A8212C2-8841-4C1F-ABAE-A5EE67DEB84B', 'Olancha Peak Buckwheat', 'Multi-channelled content-based matrix', 10.66, '2020-10-13T20:25:49Z');
insert into MenuItem (Id, RestaurantId, Name, Description, Price, DateCreated) values ('363BD6DF-A876-4046-9889-E30B7FD5AC75', '8A8212C2-8841-4C1F-ABAE-A5EE67DEB84B', 'California Croton', 'Devolved content-based policy', 26.77, '2021-08-02T04:55:09Z');
insert into MenuItem (Id, RestaurantId, Name, Description, Price, DateCreated) values ('A13964F9-5879-4825-A45C-A3D7CF3ED9F2', '8A8212C2-8841-4C1F-ABAE-A5EE67DEB84B', 'Manyspike Flatsedge', 'Stand-alone asymmetric secured line', 3.32, '2021-03-18T12:49:16Z');
insert into MenuItem (Id, RestaurantId, Name, Description, Price, DateCreated) values ('C8B36AF4-DA1C-4AE8-B2D2-D0DE971425AD', '8A8212C2-8841-4C1F-ABAE-A5EE67DEB84B', 'Aerialroot Bristle Fern', 'Digitized zero defect benchmark', 7.47, '2020-11-22T13:18:12Z');
insert into MenuItem (Id, RestaurantId, Name, Description, Price, DateCreated) values ('A066A20B-4D31-44DD-9E3C-BD31D225B733', '8A8212C2-8841-4C1F-ABAE-A5EE67DEB84B', 'Nevada Cinquefoil', 'Optional multi-state success', 24.01, '2020-08-22T02:07:17Z');
insert into MenuItem (Id, RestaurantId, Name, Description, Price, DateCreated) values ('1191EE05-3014-47C8-A256-4C5E490A179B', '8A8212C2-8841-4C1F-ABAE-A5EE67DEB84B', 'Dwarf Witchalder', 'Proactive object-oriented installation', 10.39, '2021-03-06T15:34:54Z');
insert into MenuItem (Id, RestaurantId, Name, Description, Price, DateCreated) values ('DF8AE564-8710-4CD7-ACE8-2C691EE89F4E', '8A8212C2-8841-4C1F-ABAE-A5EE67DEB84B', 'Wart Lichen', 'Adaptive dynamic capacity', 8.39, '2021-04-19T19:40:40Z');
insert into MenuItem (Id, RestaurantId, Name, Description, Price, DateCreated) values ('A5A8530B-828E-44EA-8EE8-8F6A65C371DB', '8A8212C2-8841-4C1F-ABAE-A5EE67DEB84B', 'Climbing Fetterbush', 'Intuitive zero tolerance strategy', 28.7, '2021-06-25T01:03:27Z');
insert into MenuItem (Id, RestaurantId, Name, Description, Price, DateCreated) values ('608CC044-C722-4C5F-A50E-41B9CD4832C6', '8A8212C2-8841-4C1F-ABAE-A5EE67DEB84B', 'San Diego Raspberry', 'Organic content-based policy', 24.71, '2021-02-08T10:10:37Z');
insert into MenuItem (Id, RestaurantId, Name, Description, Price, DateCreated) values ('643F4B36-AE7A-4D45-A10F-97FE07500D4A', '8A8212C2-8841-4C1F-ABAE-A5EE67DEB84B', 'Wendt''s Water Trumpet', 'Open-architected global ability', 15.26, '2021-07-10T13:35:03Z');
insert into MenuItem (Id, RestaurantId, Name, Description, Price, DateCreated) values ('77B79B03-ACFA-4FD8-B335-3DC52E04C988', '8A8212C2-8841-4C1F-ABAE-A5EE67DEB84B', 'American Wisteria', 'Organized directional infrastructure', 17.81, '2020-11-11T16:33:58Z');
insert into MenuItem (Id, RestaurantId, Name, Description, Price, DateCreated) values ('DDA5FE75-0F0B-48A0-BE88-A0B096FE2B72', '8A8212C2-8841-4C1F-ABAE-A5EE67DEB84B', 'Hairy Forked Nailwort', 'Innovative non-volatile protocol', 4.19, '2021-07-20T07:40:21Z');
insert into MenuItem (Id, RestaurantId, Name, Description, Price, DateCreated) values ('B1811115-C1D6-4D7F-86F1-8BAE4BD46AFE', '8A8212C2-8841-4C1F-ABAE-A5EE67DEB84B', 'Smooth Devil''s-claws', 'Versatile upward-trending orchestration', 29.29, '2021-03-12T14:20:33Z');
insert into MenuItem (Id, RestaurantId, Name, Description, Price, DateCreated) values ('A86652ED-D1CD-43A8-AFE0-3BDBC39A0F73', '8A8212C2-8841-4C1F-ABAE-A5EE67DEB84B', 'Bee Orchid', 'Enterprise-wide secondary hardware', 23.74, '2021-05-12T08:33:12Z');
insert into MenuItem (Id, RestaurantId, Name, Description, Price, DateCreated) values ('81F3EB1F-799D-4DD9-B263-07D8E434AB44', '8A8212C2-8841-4C1F-ABAE-A5EE67DEB84B', 'Alkali Goldenbush', 'Face to face contextually-based methodology', 22.64, '2021-01-29T04:02:21Z');
insert into MenuItem (Id, RestaurantId, Name, Description, Price, DateCreated) values ('2C87B209-40E8-4346-9DEE-DC15BCDACD1C', '8A8212C2-8841-4C1F-ABAE-A5EE67DEB84B', 'Prince Patrick Alkaligrass', 'Realigned mission-critical success', 11.39, '2021-07-18T12:21:36Z');
insert into MenuItem (Id, RestaurantId, Name, Description, Price, DateCreated) values ('EF727439-B251-401A-AF74-AC44955D5AA1', '8A8212C2-8841-4C1F-ABAE-A5EE67DEB84B', 'Salmon Gum', 'Triple-buffered secondary budgetary management', 9.42, '2021-04-19T14:13:13Z');
insert into MenuItem (Id, RestaurantId, Name, Description, Price, DateCreated) values ('8786BA3D-0313-4574-A003-6292385253EC', '8A8212C2-8841-4C1F-ABAE-A5EE67DEB84B', 'Corita', 'Visionary motivating moratorium', 28.16, '2021-03-13T05:42:42Z');
insert into MenuItem (Id, RestaurantId, Name, Description, Price, DateCreated) values ('8BC47B5A-AD80-4E30-A883-2AB0AB27B797', '8A8212C2-8841-4C1F-ABAE-A5EE67DEB84B', 'Pacific Lacefern', 'Managed attitude-oriented capability', 8.55, '2020-11-12T19:11:32Z');
insert into MenuItem (Id, RestaurantId, Name, Description, Price, DateCreated) values ('09FFA96C-931C-4702-8B21-313244D10443', '8A8212C2-8841-4C1F-ABAE-A5EE67DEB84B', 'Fernleaf Goldthread', 'Enhanced regional artificial intelligence', 6.71, '2020-12-28T04:38:48Z');
insert into MenuItem (Id, RestaurantId, Name, Description, Price, DateCreated) values ('0BAEA36B-C618-477F-8D06-5AECE1A7D2EB', '8A8212C2-8841-4C1F-ABAE-A5EE67DEB84B', 'Blazing Star', 'Self-enabling incremental methodology', 10.39, '2021-07-31T23:50:53Z');
insert into MenuItem (Id, RestaurantId, Name, Description, Price, DateCreated) values ('014D427C-73D8-4A04-9904-1A0493C55DD9', '8A8212C2-8841-4C1F-ABAE-A5EE67DEB84B', 'Bog Birch', 'Synergistic needs-based paradigm', 9.27, '2021-04-10T07:43:58Z');
insert into MenuItem (Id, RestaurantId, Name, Description, Price, DateCreated) values ('22ADC19D-CBE7-44F9-9912-415E7AF95F88', '8A8212C2-8841-4C1F-ABAE-A5EE67DEB84B', 'Slender Woodland-star', 'Down-sized optimizing local area network', 17.06, '2021-06-27T11:40:58Z');
insert into MenuItem (Id, RestaurantId, Name, Description, Price, DateCreated) values ('E5CE0D0B-AAE2-4499-A22C-F17B5ECEFCB3', '8A8212C2-8841-4C1F-ABAE-A5EE67DEB84B', 'Coastal Wormwood', 'Re-contextualized zero tolerance concept', 21.29, '2021-05-09T02:44:17Z');
insert into MenuItem (Id, RestaurantId, Name, Description, Price, DateCreated) values ('079ACBD0-1068-48A7-B3A7-803BB1F0A549', '8A8212C2-8841-4C1F-ABAE-A5EE67DEB84B', 'Wine Raspberry', 'Pre-emptive user-facing analyzer', 2.62, '2021-04-15T10:22:21Z');
insert into MenuItem (Id, RestaurantId, Name, Description, Price, DateCreated) values ('CDA20A35-4672-4AE3-A6F3-79D0400F98ED', '8A8212C2-8841-4C1F-ABAE-A5EE67DEB84B', 'Vail Lake Ceanothus', 'Secured high-level help-desk', 23.98, '2020-11-10T23:11:41Z');
insert into MenuItem (Id, RestaurantId, Name, Description, Price, DateCreated) values ('18CCD3C3-3E98-4609-88B0-D182C9F66CF7', '8A8212C2-8841-4C1F-ABAE-A5EE67DEB84B', 'Oak Mistletoe', 'Object-based holistic hierarchy', 19.81, '2021-08-01T16:04:41Z');
insert into MenuItem (Id, RestaurantId, Name, Description, Price, DateCreated) values ('002EA8EB-6980-4F2D-9B8F-0B1C72DCBA77', '8A8212C2-8841-4C1F-ABAE-A5EE67DEB84B', 'Shinystem Spleenwort', 'Switchable bandwidth-monitored function', 11.18, '2020-11-25T20:10:07Z');
insert into MenuItem (Id, RestaurantId, Name, Description, Price, DateCreated) values ('4D83335A-1BB1-4924-98C9-96623EAA7804', '8A8212C2-8841-4C1F-ABAE-A5EE67DEB84B', 'Western Seapurslane', 'Ergonomic multi-tasking adapter', 16.74, '2020-08-28T18:34:36Z');
insert into MenuItem (Id, RestaurantId, Name, Description, Price, DateCreated) values ('2E0925C5-4591-4392-BBCE-C8B7FB12F8A4', '8A8212C2-8841-4C1F-ABAE-A5EE67DEB84B', 'Feay''s Palafox', 'Advanced content-based adapter', 2.93, '2020-10-03T06:06:36Z');
insert into MenuItem (Id, RestaurantId, Name, Description, Price, DateCreated) values ('F9B6776E-396D-4D61-86E1-6F0A232E9F3D', '8A8212C2-8841-4C1F-ABAE-A5EE67DEB84B', 'Schofield''s Andreaea Moss', 'Configurable tangible projection', 28.49, '2021-04-13T02:50:09Z');
insert into MenuItem (Id, RestaurantId, Name, Description, Price, DateCreated) values ('1D252E95-CB85-4C7C-93D4-9B22416BC9F3', '8A8212C2-8841-4C1F-ABAE-A5EE67DEB84B', 'Purple Avens', 'Multi-lateral logistical groupware', 8.4, '2020-09-11T14:11:40Z');
insert into MenuItem (Id, RestaurantId, Name, Description, Price, DateCreated) values ('338A5560-3A66-4099-94D0-E0C03544F214', '8A8212C2-8841-4C1F-ABAE-A5EE67DEB84B', 'Shortbeak Sedge', 'Adaptive regional middleware', 10.83, '2020-12-28T06:08:21Z');
insert into MenuItem (Id, RestaurantId, Name, Description, Price, DateCreated) values ('CE2E07FE-4075-4F19-80A3-BAED08E89B6E', '8A8212C2-8841-4C1F-ABAE-A5EE67DEB84B', 'Grand Canyon Campion', 'Sharable clear-thinking service-desk', 19.9, '2020-11-30T04:52:43Z');
insert into MenuItem (Id, RestaurantId, Name, Description, Price, DateCreated) values ('9B388A6D-C979-408B-9A6A-8E8A90F8F88D', '8A8212C2-8841-4C1F-ABAE-A5EE67DEB84B', 'Parsley Piert', 'Integrated reciprocal model', 3.71, '2021-06-27T01:09:55Z');
insert into MenuItem (Id, RestaurantId, Name, Description, Price, DateCreated) values ('96F87DF3-FA19-480F-B65D-4B91431C8B5C', '8A8212C2-8841-4C1F-ABAE-A5EE67DEB84B', 'Brewer''s Snapdragon', 'Cross-platform global productivity', 6.68, '2021-03-02T14:16:26Z');
insert into MenuItem (Id, RestaurantId, Name, Description, Price, DateCreated) values ('8090CBB3-45FA-4D4D-9A67-53FD03F42EA2', '8A8212C2-8841-4C1F-ABAE-A5EE67DEB84B', 'Sedge', 'Managed uniform hierarchy', 24.18, '2021-05-01T20:26:59Z');
insert into MenuItem (Id, RestaurantId, Name, Description, Price, DateCreated) values ('DB194BBB-E784-4240-94F6-0AF24E63C213', '8A8212C2-8841-4C1F-ABAE-A5EE67DEB84B', 'Pacific Hairgrass', 'Realigned solution-oriented core', 3.23, '2021-01-31T21:29:13Z');
insert into MenuItem (Id, RestaurantId, Name, Description, Price, DateCreated) values ('FBE540A3-87AF-4E33-B5BF-6E03EAE7998D', '8A8212C2-8841-4C1F-ABAE-A5EE67DEB84B', 'Rimrock Milkvetch', 'Ergonomic client-server structure', 28.44, '2020-10-22T18:33:08Z');
insert into MenuItem (Id, RestaurantId, Name, Description, Price, DateCreated) values ('CDD261ED-D122-40F6-98FC-E36F9B324902', '8A8212C2-8841-4C1F-ABAE-A5EE67DEB84B', 'Lambstongue Ragwort', 'Pre-emptive clear-thinking open architecture', 17.73, '2020-10-28T00:19:14Z');
insert into MenuItem (Id, RestaurantId, Name, Description, Price, DateCreated) values ('BECFAD5E-83A6-4EAA-86AF-66F8E1075767', '8A8212C2-8841-4C1F-ABAE-A5EE67DEB84B', 'Golden Carpetgrass', 'Focused system-worthy utilisation', 20.41, '2020-11-09T03:00:45Z');
insert into MenuItem (Id, RestaurantId, Name, Description, Price, DateCreated) values ('DFA3E906-54D2-4D68-82F5-74778E759B0F', '8A8212C2-8841-4C1F-ABAE-A5EE67DEB84B', 'Stalked Bur Grass', 'Networked cohesive access', 20.85, '2021-03-23T16:41:17Z');
insert into MenuItem (Id, RestaurantId, Name, Description, Price, DateCreated) values ('16DA7C5C-5D35-4FFC-AF17-0C3AA235F628', '8A8212C2-8841-4C1F-ABAE-A5EE67DEB84B', 'Tripterocladium Moss', 'Robust demand-driven flexibility', 17.49, '2021-06-12T08:41:46Z');
insert into MenuItem (Id, RestaurantId, Name, Description, Price, DateCreated) values ('571CDFF1-5AFA-4763-8A79-941D273DB537', '8A8212C2-8841-4C1F-ABAE-A5EE67DEB84B', 'Lichenostigma Lichen', 'Optional dynamic infrastructure', 22.75, '2020-08-13T23:03:56Z');
insert into MenuItem (Id, RestaurantId, Name, Description, Price, DateCreated) values ('2995D0A9-E954-402C-BAC6-0E9430185736', '8A8212C2-8841-4C1F-ABAE-A5EE67DEB84B', 'Antidaphne', 'Up-sized context-sensitive framework', 22.52, '2020-11-01T23:54:27Z');
insert into MenuItem (Id, RestaurantId, Name, Description, Price, DateCreated) values ('A4F64AAA-D6F1-47B8-AA73-814DED07D22E', '8A8212C2-8841-4C1F-ABAE-A5EE67DEB84B', 'Bigelow''s Monkeyflower', 'Versatile regional instruction set', 8.17, '2021-03-19T14:56:10Z');
insert into MenuItem (Id, RestaurantId, Name, Description, Price, DateCreated) values ('02A61207-2CF9-4EA2-965C-D31EBB431B81', '8A8212C2-8841-4C1F-ABAE-A5EE67DEB84B', 'Camphor Tansy', 'Quality-focused empowering projection', 5.29, '2020-11-12T00:16:55Z');
insert into MenuItem (Id, RestaurantId, Name, Description, Price, DateCreated) values ('F9ACEB5D-17CD-4DC7-A86D-35CF1B306396', '8A8212C2-8841-4C1F-ABAE-A5EE67DEB84B', 'Sonoma Hedgenettle', 'Persevering incremental strategy', 2.22, '2021-05-06T17:59:24Z');
insert into MenuItem (Id, RestaurantId, Name, Description, Price, DateCreated) values ('B09B58CE-CFAC-4658-BC55-E9E66C461BA3', '8A8212C2-8841-4C1F-ABAE-A5EE67DEB84B', 'Narrowleaf Bittercress', 'Enterprise-wide incremental knowledge base', 17.91, '2021-04-04T10:50:06Z');
insert into MenuItem (Id, RestaurantId, Name, Description, Price, DateCreated) values ('7953A526-63FD-4EEE-81C4-A4BE91907D22', '8A8212C2-8841-4C1F-ABAE-A5EE67DEB84B', 'Coconut Paspalum', 'Focused solution-oriented methodology', 6.06, '2020-08-20T18:50:41Z');
insert into MenuItem (Id, RestaurantId, Name, Description, Price, DateCreated) values ('B9ACC3EA-492C-4D0D-AEE0-90CF33CF4E0B', '8A8212C2-8841-4C1F-ABAE-A5EE67DEB84B', 'Olney''s Hairy Sedge', 'Fully-configurable secondary throughput', 25.21, '2021-07-25T15:46:32Z');
insert into MenuItem (Id, RestaurantId, Name, Description, Price, DateCreated) values ('B29EA019-C663-4670-93A6-252A8F8D9D40', '8A8212C2-8841-4C1F-ABAE-A5EE67DEB84B', 'Annual Fescue', 'Focused zero tolerance knowledge user', 13.74, '2020-12-01T16:14:58Z');
insert into MenuItem (Id, RestaurantId, Name, Description, Price, DateCreated) values ('2A0A201E-3492-4BC5-90A6-8641EF54449A', '8A8212C2-8841-4C1F-ABAE-A5EE67DEB84B', 'Venidium', 'Pre-emptive incremental standardization', 27.37, '2020-09-12T19:40:03Z');
insert into MenuItem (Id, RestaurantId, Name, Description, Price, DateCreated) values ('265E6859-3205-4FCF-8D7E-EF02599EEEB5', '8A8212C2-8841-4C1F-ABAE-A5EE67DEB84B', 'Phyllopsora Lichen', 'Decentralized radical system engine', 4.63, '2021-03-09T06:55:45Z');
insert into MenuItem (Id, RestaurantId, Name, Description, Price, DateCreated) values ('C9C5068E-1CE5-487B-A3FB-9B9D638D6887', '8A8212C2-8841-4C1F-ABAE-A5EE67DEB84B', 'Turk''s Turbin', 'Enterprise-wide multimedia conglomeration', 3.5, '2021-05-18T09:02:06Z');
insert into MenuItem (Id, RestaurantId, Name, Description, Price, DateCreated) values ('F39B2B4C-E8C0-4E39-873B-4E338EC876AF', '8A8212C2-8841-4C1F-ABAE-A5EE67DEB84B', 'Dwarf Alkaligrass', 'Programmable tertiary model', 9.01, '2020-11-11T08:17:22Z');
insert into MenuItem (Id, RestaurantId, Name, Description, Price, DateCreated) values ('A09C4BD0-E46C-4485-B514-A5579C958468', '8A8212C2-8841-4C1F-ABAE-A5EE67DEB84B', 'Purdy''s Penstemon', 'Innovative impactful benchmark', 11.86, '2020-10-12T03:48:20Z');
insert into MenuItem (Id, RestaurantId, Name, Description, Price, DateCreated) values ('76E4F6F8-4B55-4339-80D4-B6241F73AF76', '8A8212C2-8841-4C1F-ABAE-A5EE67DEB84B', 'Shortspike Watermilfoil', 'Multi-layered holistic process improvement', 12.74, '2020-08-12T22:46:38Z');
insert into MenuItem (Id, RestaurantId, Name, Description, Price, DateCreated) values ('30A31650-6FEF-4D94-A3B6-1F5F1264CC61', '8A8212C2-8841-4C1F-ABAE-A5EE67DEB84B', 'Bushy Heliotrope', 'Front-line multi-tasking policy', 12.68, '2021-03-28T16:38:31Z');
insert into MenuItem (Id, RestaurantId, Name, Description, Price, DateCreated) values ('C670EB3D-D96C-4496-8298-E9D697254CF8', '8A8212C2-8841-4C1F-ABAE-A5EE67DEB84B', 'Big Bluestem', 'Optional transitional adapter', 13.89, '2020-08-16T05:27:57Z');
insert into MenuItem (Id, RestaurantId, Name, Description, Price, DateCreated) values ('5349489F-524D-43F0-9DBB-9C26E1E49E31', '8A8212C2-8841-4C1F-ABAE-A5EE67DEB84B', 'Japanese Pachysandra', 'Implemented grid-enabled protocol', 24.08, '2021-06-10T03:25:46Z');
insert into MenuItem (Id, RestaurantId, Name, Description, Price, DateCreated) values ('D9DBE087-B216-4E76-AFEA-46DB48116539', '8A8212C2-8841-4C1F-ABAE-A5EE67DEB84B', 'Douglas'' Grasswidow', 'Monitored heuristic encoding', 8.28, '2021-06-08T08:12:46Z');
insert into MenuItem (Id, RestaurantId, Name, Description, Price, DateCreated) values ('D7EF315D-E92A-4CBE-A7E8-FFE0E7B2BC27', '8A8212C2-8841-4C1F-ABAE-A5EE67DEB84B', 'Peruvian Peppertree', 'Distributed systemic core', 27.99, '2020-12-06T03:18:33Z');
insert into MenuItem (Id, RestaurantId, Name, Description, Price, DateCreated) values ('110BD9B6-BB10-49D4-B3E0-A779B777620E', '8A8212C2-8841-4C1F-ABAE-A5EE67DEB84B', 'Livid Sedge', 'Upgradable even-keeled conglomeration', 27.94, '2021-07-16T18:14:25Z');
insert into MenuItem (Id, RestaurantId, Name, Description, Price, DateCreated) values ('83FA87C1-B999-4C78-8883-F904E323792E', '8A8212C2-8841-4C1F-ABAE-A5EE67DEB84B', 'Yellow Rabbitbrush', 'Upgradable regional open architecture', 3.26, '2020-12-09T16:08:27Z');
insert into MenuItem (Id, RestaurantId, Name, Description, Price, DateCreated) values ('488C5DBB-2F6E-41F1-8C51-69680889C74E', '8A8212C2-8841-4C1F-ABAE-A5EE67DEB84B', 'West Indian Spleenwort', 'Decentralized tangible ability', 5.09, '2020-09-03T06:06:27Z');
insert into MenuItem (Id, RestaurantId, Name, Description, Price, DateCreated) values ('832BABC2-0F91-4AE5-B59A-23B693358ADC', '8A8212C2-8841-4C1F-ABAE-A5EE67DEB84B', 'Alpine Meadow-rue', 'Expanded contextually-based array', 11.28, '2021-03-25T23:41:30Z');
insert into MenuItem (Id, RestaurantId, Name, Description, Price, DateCreated) values ('B9AB41F9-9CB7-41CF-B94A-52FF46D74B5F', '8A8212C2-8841-4C1F-ABAE-A5EE67DEB84B', 'Aleutian Holly Fern', 'Up-sized web-enabled artificial intelligence', 6.23, '2021-01-06T03:06:06Z');
insert into MenuItem (Id, RestaurantId, Name, Description, Price, DateCreated) values ('CACFD09F-9E4F-49D0-AFF1-F268DBC081FC', '8A8212C2-8841-4C1F-ABAE-A5EE67DEB84B', 'Grimmia Dry Rock Moss', 'Managed web-enabled matrices', 5.31, '2021-07-19T07:56:00Z');
insert into MenuItem (Id, RestaurantId, Name, Description, Price, DateCreated) values ('304B33F7-787F-4614-BDA7-02A00A67C8FE', '8A8212C2-8841-4C1F-ABAE-A5EE67DEB84B', 'Rupertia', 'Object-based non-volatile internet solution', 14.95, '2020-12-04T07:47:00Z');
insert into MenuItem (Id, RestaurantId, Name, Description, Price, DateCreated) values ('B9FDF810-23D7-4619-BBC2-0C257B866968', '8A8212C2-8841-4C1F-ABAE-A5EE67DEB84B', 'Pretty Sedge', 'Front-line national function', 7.26, '2021-06-05T15:53:48Z');
insert into MenuItem (Id, RestaurantId, Name, Description, Price, DateCreated) values ('66EF4A00-EF13-4459-AC1C-485B9688EC0D', '8A8212C2-8841-4C1F-ABAE-A5EE67DEB84B', 'Orange Lichen', 'Programmable heuristic leverage', 9.08, '2021-08-10T18:43:59Z');
insert into MenuItem (Id, RestaurantId, Name, Description, Price, DateCreated) values ('5962B9CA-212F-4C6A-8E06-B3203DA917A0', '8A8212C2-8841-4C1F-ABAE-A5EE67DEB84B', 'Cup Lichen', 'Seamless contextually-based algorithm', 4.37, '2020-08-14T22:26:43Z');
insert into MenuItem (Id, RestaurantId, Name, Description, Price, DateCreated) values ('DB326DB4-1652-4D9F-8FE6-9E0F0DCB3791', '8A8212C2-8841-4C1F-ABAE-A5EE67DEB84B', 'Snowbasin Draba', 'Universal even-keeled time-frame', 16.37, '2020-10-11T07:37:22Z');
insert into MenuItem (Id, RestaurantId, Name, Description, Price, DateCreated) values ('DA69536C-8DCE-4916-AC0F-3B761A3979F0', '8A8212C2-8841-4C1F-ABAE-A5EE67DEB84B', 'Lyall''s Goldenweed', 'Mandatory discrete internet solution', 26.59, '2021-03-28T21:32:40Z');
insert into MenuItem (Id, RestaurantId, Name, Description, Price, DateCreated) values ('925205E6-A210-4E3C-8653-1E13957FEA79', '8A8212C2-8841-4C1F-ABAE-A5EE67DEB84B', 'White Fiestaflower', 'Advanced exuding superstructure', 9.57, '2021-05-25T04:04:20Z');
insert into MenuItem (Id, RestaurantId, Name, Description, Price, DateCreated) values ('5BA11D47-4685-4CF2-8AE9-31C1924B0E52', '8A8212C2-8841-4C1F-ABAE-A5EE67DEB84B', 'Phaeocalicium Lichen', 'Reverse-engineered non-volatile complexity', 7.79, '2020-12-30T11:28:22Z');
insert into MenuItem (Id, RestaurantId, Name, Description, Price, DateCreated) values ('2A3660C6-F49B-49D0-881A-EC68B3D12885', '8A8212C2-8841-4C1F-ABAE-A5EE67DEB84B', 'Tarwi', 'Multi-channelled mission-critical framework', 20.02, '2020-10-11T04:20:53Z');
insert into MenuItem (Id, RestaurantId, Name, Description, Price, DateCreated) values ('96537031-55FD-4AAB-BFE9-DCD13C1E6EDE', '8A8212C2-8841-4C1F-ABAE-A5EE67DEB84B', 'Vancouver Porotrichum Moss', 'Devolved web-enabled local area network', 19.86, '2020-11-24T09:59:59Z');
insert into MenuItem (Id, RestaurantId, Name, Description, Price, DateCreated) values ('9027AE2A-A945-4677-BCEF-DCF22F171E7C', '8A8212C2-8841-4C1F-ABAE-A5EE67DEB84B', 'Kona Cheesewood', 'Future-proofed eco-centric array', 17.25, '2021-02-09T19:59:09Z');
insert into MenuItem (Id, RestaurantId, Name, Description, Price, DateCreated) values ('176597AD-AFEB-4AF6-80BA-76447C978202', '8A8212C2-8841-4C1F-ABAE-A5EE67DEB84B', 'Lichenothelia Lichen', 'Visionary impactful challenge', 21.65, '2021-06-20T08:14:16Z');
insert into MenuItem (Id, RestaurantId, Name, Description, Price, DateCreated) values ('C7CA4F63-98D9-4AB0-92E0-FAB6206CB4CD', '8A8212C2-8841-4C1F-ABAE-A5EE67DEB84B', 'Early Bluegrass', 'Integrated well-modulated hierarchy', 15.74, '2021-02-16T06:25:50Z');
insert into MenuItem (Id, RestaurantId, Name, Description, Price, DateCreated) values ('7FC73CDD-8239-45CB-BADF-8FF1C3F14EB3', '8A8212C2-8841-4C1F-ABAE-A5EE67DEB84B', 'Fleshy Starwort', 'Cross-platform 5th generation intranet', 24.29, '2021-04-25T00:49:10Z');

